期号,开奖日期,前区号码,后区号码,奖池金额,全国销量
07001,2007-05-30,22 24 29 31 35,04 11,0,
07002,2007-06-02,15 22 31 34 35,05 12,0,
07003,2007-06-04,03 04 18 23 32,01 06,0,
07004,2007-06-06,06 10 16 17 25,02 04,0,
07005,2007-06-09,01 09 19 20 30,02 11,0,
07006,2007-06-11,01 16 20 23 28,03 06,0,
07007,2007-06-13,14 16 25 26 35,04 09,0,
07008,2007-06-16,02 08 11 21 23,04 07,0,
07009,2007-06-18,01 03 09 19 34,09 12,0,
07010,2007-06-20,06 08 18 29 34,09 11,0,
07011,2007-06-23,29 32 33 34 35,09 10,0,
07012,2007-06-25,03 12 15 29 34,07 11,0,
07013,2007-06-27,12 17 27 29 34,06 09,0,
07014,2007-06-30,01 02 07 29 32,06 07,0,
07015,2007-07-02,02 08 12 13 17,11 12,0,
07016,2007-07-04,01 14 19 24 31,03 12,0,
07017,2007-07-07,13 14 29 32 34,03 12,0,
07018,2007-07-09,03 04 16 23 28,06 09,0,
07019,2007-07-11,03 06 17 22 23,04 06,0,
07020,2007-07-14,02 06 11 12 18,05 12,0,
07021,2007-07-16,02 04 24 29 33,01 02,0,
07022,2007-07-18,08 10 12 23 25,03 10,0,
07023,2007-07-21,08 10 23 32 34,08 10,0,
07024,2007-07-23,06 16 20 25 31,04 09,0,
07025,2007-07-25,22 24 26 27 34,02 10,0,
07026,2007-07-28,05 09 13 33 35,01 08,0,
07027,2007-07-30,02 03 10 19 27,06 10,0,
07028,2007-08-01,20 26 30 34 35,03 10,0,
07029,2007-08-04,15 22 25 29 35,09 11,0,
07030,2007-08-06,11 14 27 33 35,02 07,0,
07031,2007-08-08,03 21 27 31 32,06 08,0,
07032,2007-08-11,01 13 21 23 32,04 11,0,
07033,2007-08-13,01 05 08 14 22,03 12,0,
07034,2007-08-15,06 08 11 13 22,02 11,0,
07035,2007-08-18,07 11 16 31 32,01 12,0,
07036,2007-08-20,15 18 21 27 34,01 02,0,
07037,2007-08-22,01 06 07 17 31,11 12,0,
07038,2007-08-25,06 21 25 27 32,08 09,0,
07039,2007-08-27,10 11 20 21 35,07 11,0,
07040,2007-08-29,05 21 25 28 35,01 04,0,
07041,2007-09-01,03 16 17 22 35,01 08,0,
07042,2007-09-03,07 10 22 31 35,05 06,0,
07043,2007-09-05,04 09 22 24 31,02 06,0,
07044,2007-09-08,04 05 07 12 26,01 10,0,
07045,2007-09-10,09 16 20 26 35,11 12,0,
07046,2007-09-12,04 16 18 23 30,01 10,0,
07047,2007-09-15,01 06 15 19 35,02 09,0,
07048,2007-09-17,08 25 26 29 35,06 08,0,
07049,2007-09-19,09 10 15 17 32,04 06,0,
07050,2007-09-22,13 21 22 30 35,01 11,0,
07051,2007-09-24,03 07 24 28 35,08 11,0,
07052,2007-09-26,01 14 29 32 33,05 10,0,
07053,2007-09-29,11 16 19 21 25,01 10,0,
07054,2007-10-01,04 10 19 29 34,03 06,0,
07055,2007-10-03,10 16 24 31 33,07 10,0,
07056,2007-10-06,04 11 17 20 21,05 09,0,
07057,2007-10-08,14 16 30 32 35,06 07,0,
07058,2007-10-10,08 21 25 28 33,02 06,0,
07059,2007-10-13,04 15 23 31 33,03 09,0,
07060,2007-10-15,12 13 29 30 31,04 07,0,
07061,2007-10-17,02 10 19 28 29,02 09,0,
07062,2007-10-20,01 04 10 14 29,11 12,0,
07063,2007-10-22,10 31 33 34 35,07 12,0,
07064,2007-10-24,02 16 32 33 35,05 10,0,
07065,2007-10-27,19 20 24 29 31,09 10,0,
07066,2007-10-29,04 07 08 19 24,07 12,0,
07067,2007-10-31,11 18 25 30 31,04 09,0,
07068,2007-11-03,04 09 13 14 33,06 10,0,
07069,2007-11-05,02 13 16 21 35,01 05,0,
07070,2007-11-07,07 26 29 30 35,03 04,0,
07071,2007-11-10,10 22 32 33 35,01 07,0,
07072,2007-11-12,21 24 26 27 33,01 05,0,
07073,2007-11-14,04 05 09 12 23,02 11,0,
07074,2007-11-17,16 17 23 24 31,05 10,0,
07075,2007-11-19,05 11 20 30 32,07 11,0,
07076,2007-11-21,02 09 12 15 31,09 10,0,
07077,2007-11-24,04 06 12 13 24,01 04,0,
07078,2007-11-26,09 12 14 22 23,01 02,0,
07079,2007-11-28,06 09 25 26 31,02 08,0,
07080,2007-12-01,01 15 20 25 27,05 10,0,
07081,2007-12-03,06 18 20 22 35,04 09,0,
07082,2007-12-05,03 05 14 33 34,07 08,0,
07083,2007-12-08,01 05 20 21 24,03 04,0,
07084,2007-12-10,05 11 18 29 34,10 11,0,
07085,2007-12-12,17 24 28 29 33,02 05,0,
07086,2007-12-15,14 18 19 26 28,03 09,0,
07087,2007-12-17,08 18 30 31 33,04 09,0,
07088,2007-12-19,17 18 21 23 33,06 10,0,
07089,2007-12-22,08 13 24 30 34,01 12,0,
07090,2007-12-24,04 20 24 31 33,09 12,0,
07091,2007-12-26,07 12 26 31 32,03 08,0,
07092,2007-12-29,06 19 27 28 29,06 10,0,
07093,2007-12-31,06 08 16 25 27,08 12,0,
08001,2008-01-02,01 02 11 34 35,03 10,0,
08002,2008-01-05,01 12 24 31 32,10 12,0,
08003,2008-01-07,01 11 13 32 35,02 07,0,
08004,2008-01-09,09 22 24 31 33,08 09,0,
08005,2008-01-12,18 25 29 31 34,09 10,0,
08006,2008-01-14,10 12 26 29 34,05 07,0,
08007,2008-01-16,03 04 05 12 28,03 12,0,
08008,2008-01-19,02 06 08 17 32,08 09,0,
08009,2008-01-21,04 08 12 24 30,05 08,0,
08010,2008-01-23,06 23 24 27 29,06 08,0,
08011,2008-01-26,14 20 22 24 27,07 10,0,
08012,2008-01-28,02 10 29 32 35,02 03,0,
08013,2008-01-30,01 11 19 22 35,05 09,0,
08014,2008-02-02,04 07 10 28 34,01 06,0,
08015,2008-02-04,09 18 20 27 33,06 09,0,
08016,2008-02-13,08 10 11 17 19,06 09,0,
08017,2008-02-16,02 14 25 29 32,01 06,0,
08018,2008-02-18,03 06 07 11 30,02 03,0,
08019,2008-02-20,08 24 25 29 31,04 05,0,
08020,2008-02-23,04 05 15 17 33,04 08,0,
08021,2008-02-25,05 10 13 21 24,04 09,0,
08022,2008-02-27,09 12 13 25 31,08 10,0,
08023,2008-03-01,06 26 31 32 34,07 10,0,
08024,2008-03-03,08 12 17 20 30,01 02,0,
08025,2008-03-05,06 10 12 15 28,04 12,0,
08026,2008-03-08,01 21 22 24 25,08 10,0,
08027,2008-03-10,05 17 23 31 32,04 08,0,
08028,2008-03-12,03 11 17 19 26,07 12,0,
08029,2008-03-15,06 11 18 29 30,04 11,0,
08030,2008-03-17,03 21 23 26 35,05 08,0,
08031,2008-03-19,14 20 23 27 28,02 04,0,
08032,2008-03-22,03 09 19 27 33,09 10,0,
08033,2008-03-24,03 10 21 23 30,01 09,0,
08034,2008-03-26,06 07 18 34 35,05 10,0,
08035,2008-03-29,02 12 13 29 30,05 07,0,
08036,2008-03-31,09 19 22 30 32,01 10,0,
08037,2008-04-02,11 20 24 31 35,04 10,0,
08038,2008-04-05,12 13 19 32 33,02 10,0,
08039,2008-04-07,07 11 15 27 35,04 07,0,
08040,2008-04-09,04 08 19 22 29,08 11,0,
08041,2008-04-12,07 17 21 22 28,05 10,0,
08042,2008-04-14,05 10 13 32 35,04 05,0,
08043,2008-04-16,05 08 10 31 33,02 04,0,
08044,2008-04-19,02 21 23 27 32,10 11,0,
08045,2008-04-21,14 32 33 34 35,02 04,0,
08046,2008-04-23,11 25 26 27 35,07 08,0,
08047,2008-04-26,12 18 22 23 30,06 12,0,
08048,2008-04-28,01 13 22 25 27,02 10,0,
08049,2008-04-30,01 11 14 28 30,03 10,0,
08050,2008-05-03,01 05 11 26 27,03 07,0,
08051,2008-05-05,01 07 09 11 33,03 11,0,
08052,2008-05-07,03 18 19 30 35,05 09,0,
08053,2008-05-10,01 13 21 23 32,03 06,0,
08054,2008-05-12,05 14 23 31 35,02 06,0,
08055,2008-05-14,02 14 28 30 35,04 12,0,
08056,2008-05-17,15 19 25 30 31,03 09,0,
08057,2008-05-19,05 08 09 17 33,05 06,0,
08058,2008-05-21,03 09 11 29 33,03 12,0,
08059,2008-05-24,07 13 21 25 31,08 10,0,
08060,2008-05-26,03 13 17 23 30,01 11,0,
08061,2008-05-28,07 10 14 19 32,03 06,0,
08062,2008-05-31,01 15 27 28 29,03 10,0,
08063,2008-06-02,07 11 24 30 35,06 08,0,
08064,2008-06-04,14 18 24 27 31,06 07,0,
08065,2008-06-07,19 22 23 25 32,06 12,0,
08066,2008-06-09,02 07 21 22 25,04 12,0,
08067,2008-06-11,03 10 14 15 22,04 07,0,
08068,2008-06-14,06 09 11 33 34,06 10,0,
08069,2008-06-16,05 13 16 29 33,06 08,0,
08070,2008-06-18,09 17 18 21 31,01 05,0,
08071,2008-06-21,01 05 11 14 25,01 09,0,
08072,2008-06-23,10 25 32 33 34,03 09,0,
08073,2008-06-25,02 05 06 07 31,08 10,0,
08074,2008-06-28,10 13 22 31 35,04 12,0,
08075,2008-06-30,01 10 13 30 33,06 07,0,
08076,2008-07-02,03 05 10 27 34,01 12,0,
08077,2008-07-05,01 08 21 33 34,05 07,0,
08078,2008-07-07,08 17 20 28 31,07 11,0,
08079,2008-07-09,20 23 26 32 33,05 12,0,
08080,2008-07-12,06 09 29 31 33,05 11,0,
08081,2008-07-14,07 08 20 22 29,04 07,0,
08082,2008-07-16,15 19 29 33 35,01 02,0,
08083,2008-07-19,06 14 15 30 31,03 10,0,
08084,2008-07-21,02 17 20 22 25,05 11,0,
08085,2008-07-23,03 07 13 15 19,02 10,0,
08086,2008-07-26,01 06 10 22 35,03 07,0,
08087,2008-07-28,14 22 32 33 35,01 05,0,
08088,2008-07-30,07 11 19 27 31,02 03,0,
08089,2008-08-02,08 13 24 32 33,03 09,0,
08090,2008-08-04,04 11 18 33 34,02 06,0,
08091,2008-08-06,09 13 19 22 25,04 10,0,
08092,2008-08-09,03 23 26 32 34,04 09,0,
08093,2008-08-11,06 07 10 24 30,05 08,0,
08094,2008-08-13,07 12 19 27 34,11 12,0,
08095,2008-08-16,03 04 11 21 25,01 07,0,
08096,2008-08-18,06 07 12 25 28,02 12,0,
08097,2008-08-20,01 10 31 33 35,03 10,0,
08098,2008-08-23,07 10 22 27 33,04 08,0,
08099,2008-08-25,03 18 23 25 30,06 10,0,
08100,2008-08-27,12 20 26 29 30,02 06,0,
08101,2008-08-30,10 13 23 31 33,04 11,0,
08102,2008-09-01,05 25 26 29 35,03 10,0,
08103,2008-09-03,02 11 22 30 34,04 09,0,
08104,2008-09-06,07 08 10 24 34,08 11,0,
08105,2008-09-08,12 21 22 26 35,04 05,0,
08106,2008-09-10,03 05 21 28 33,02 06,0,
08107,2008-09-13,01 02 13 15 16,04 09,0,
08108,2008-09-15,11 16 24 29 32,09 11,0,
08109,2008-09-17,01 10 18 28 34,05 08,0,
08110,2008-09-20,05 16 25 27 33,04 09,0,
08111,2008-09-22,02 11 12 14 19,05 09,0,
08112,2008-09-24,04 18 26 32 33,05 08,0,
08113,2008-09-27,11 14 17 19 22,01 08,0,
08114,2008-09-29,02 03 22 27 31,06 07,0,
08115,2008-10-01,07 09 19 21 33,07 10,0,
08116,2008-10-04,06 08 15 24 31,01 03,0,
08117,2008-10-06,13 23 24 25 30,02 08,0,
08118,2008-10-08,06 09 19 25 30,06 12,0,
08119,2008-10-11,01 02 10 19 27,01 11,0,
08120,2008-10-13,21 23 24 25 32,03 04,0,
08121,2008-10-15,11 23 24 32 35,04 10,0,
08122,2008-10-18,03 06 12 20 29,09 12,0,
08123,2008-10-20,01 06 12 28 31,08 09,0,
08124,2008-10-22,02 10 13 29 33,06 10,0,
08125,2008-10-25,01 04 28 33 34,06 11,0,
08126,2008-10-27,09 29 32 34 35,01 08,0,
08127,2008-10-29,08 21 22 31 33,01 07,0,
08128,2008-11-01,12 15 23 24 25,10 11,0,
08129,2008-11-03,13 16 20 25 27,04 05,0,
08130,2008-11-05,03 05 22 29 34,07 12,0,
08131,2008-11-08,08 09 12 21 32,07 11,0,
08132,2008-11-10,06 14 24 27 29,05 09,0,
08133,2008-11-12,10 12 15 33 35,03 09,0,
08134,2008-11-15,11 13 15 28 35,08 10,0,
08135,2008-11-17,07 22 25 29 33,01 12,0,
08136,2008-11-19,03 28 29 32 34,01 06,0,
08137,2008-11-22,01 10 25 32 35,05 09,0,
08138,2008-11-24,04 05 18 22 35,07 08,0,
08139,2008-11-26,01 06 10 14 22,06 08,0,
08140,2008-11-29,02 09 11 29 32,08 09,0,
08141,2008-12-01,09 15 18 30 34,04 05,0,
08142,2008-12-03,06 18 21 30 35,08 09,0,
08143,2008-12-06,01 02 22 29 32,01 04,0,
08144,2008-12-08,10 19 27 28 33,05 12,0,
08145,2008-12-10,05 16 27 29 30,05 11,0,
08146,2008-12-13,09 23 24 26 33,07 12,0,
08147,2008-12-15,16 18 19 24 35,11 12,0,
08148,2008-12-17,03 07 20 33 35,04 07,0,
08149,2008-12-20,02 05 06 27 29,03 04,0,
08150,2008-12-22,01 09 10 15 25,03 08,0,
08151,2008-12-24,07 10 27 31 34,08 09,0,
08152,2008-12-27,03 05 14 20 33,07 11,0,
08153,2008-12-29,02 04 06 25 26,02 05,0,
08154,2008-12-31,05 07 10 29 32,04 06,0,
09001,2009-01-03,01 15 23 27 30,04 10,0,
09002,2009-01-05,01 04 07 12 30,05 10,0,
09003,2009-01-07,16 18 23 30 32,02 11,0,
09004,2009-01-10,01 03 22 32 35,06 10,0,
09005,2009-01-12,10 11 15 31 32,05 08,0,
09006,2009-01-14,02 04 22 31 35,09 12,0,
09007,2009-01-17,06 14 15 29 35,06 11,0,
09008,2009-01-19,04 17 21 29 31,02 12,0,
09009,2009-01-21,12 18 23 26 32,06 09,0,
09010,2009-01-24,02 09 12 21 29,07 11,0,
09011,2009-02-02,02 11 13 14 21,02 04,0,
09012,2009-02-04,02 05 20 25 31,10 12,0,
09013,2009-02-07,05 24 26 30 35,05 12,0,
09014,2009-02-09,08 14 15 25 26,07 09,0,
09015,2009-02-11,01 05 10 16 27,03 04,0,
09016,2009-02-14,10 11 20 26 27,09 11,0,
09017,2009-02-16,05 11 23 26 33,04 12,0,
09018,2009-02-18,01 06 13 28 29,03 09,0,
09019,2009-02-21,04 29 31 32 35,04 10,0,
09020,2009-02-23,05 16 18 32 35,02 11,0,
09021,2009-02-25,01 15 31 32 34,03 08,0,
09022,2009-02-28,12 14 17 34 35,04 11,0,
09023,2009-03-02,15 17 21 27 33,07 11,0,
09024,2009-03-04,29 31 32 33 35,10 11,0,
09025,2009-03-07,03 17 22 23 33,04 10,0,
09026,2009-03-09,24 30 31 32 34,10 12,0,
09027,2009-03-11,03 22 26 33 34,09 10,0,
09028,2009-03-14,06 20 30 32 35,09 11,0,
09029,2009-03-16,03 04 13 17 24,04 11,0,
09030,2009-03-18,01 07 27 30 32,01 04,0,
09031,2009-03-21,07 11 19 21 22,01 11,0,
09032,2009-03-23,04 12 20 26 29,06 10,0,
09033,2009-03-25,02 08 18 21 32,08 11,0,
09034,2009-03-28,05 19 31 32 35,04 09,0,
09035,2009-03-30,03 07 09 28 33,03 08,0,
09036,2009-04-01,02 12 26 31 33,09 10,0,
09037,2009-04-04,17 18 19 25 31,01 11,0,
09038,2009-04-06,06 17 20 29 32,04 05,0,
09039,2009-04-08,01 03 07 10 33,03 04,0,
09040,2009-04-11,03 16 30 32 33,01 10,0,
09041,2009-04-13,05 09 20 23 29,04 10,0,
09042,2009-04-15,11 24 25 26 31,02 07,0,
09043,2009-04-18,05 21 22 32 35,02 05,0,
09044,2009-04-20,01 07 18 29 34,03 09,0,
09045,2009-04-22,01 09 14 24 35,06 09,0,
09046,2009-04-25,01 09 24 34 35,04 09,0,
09047,2009-04-27,13 18 21 24 29,03 06,0,
09048,2009-04-29,05 06 22 25 27,11 12,0,
09049,2009-05-02,05 16 28 29 34,11 12,0,
09050,2009-05-04,05 15 28 32 33,08 09,0,
09051,2009-05-06,03 11 22 26 29,05 12,0,
09052,2009-05-09,23 24 30 34 35,01 03,0,
09053,2009-05-11,05 09 24 31 33,05 06,0,
09054,2009-05-13,02 12 19 29 30,07 12,0,
09055,2009-05-16,05 08 14 23 24,05 06,0,
09056,2009-05-18,04 13 17 32 35,03 06,0,
09057,2009-05-20,06 15 22 27 30,02 09,0,
09058,2009-05-23,08 10 14 27 32,02 07,0,
09059,2009-05-25,02 13 14 29 33,04 11,0,
09060,2009-05-27,18 28 29 30 31,04 08,0,
09061,2009-05-30,02 10 21 26 34,02 10,0,
09062,2009-06-01,04 22 23 29 31,05 11,0,
09063,2009-06-03,05 06 18 21 22,01 07,0,
09064,2009-06-06,06 10 11 17 34,11 12,0,
09065,2009-06-08,01 12 24 27 32,02 11,0,
09066,2009-06-10,01 08 19 24 31,06 12,0,
09067,2009-06-13,03 06 25 28 32,02 05,0,
09068,2009-06-15,02 12 15 20 28,01 12,0,
09069,2009-06-17,14 16 27 30 33,08 12,0,
09070,2009-06-20,10 21 24 30 31,03 10,0,
09071,2009-06-22,04 20 29 30 33,02 11,0,
09072,2009-06-24,23 26 29 32 33,05 10,0,
09073,2009-06-27,01 10 19 21 30,01 04,0,
09074,2009-06-29,15 17 19 23 32,01 11,0,
09075,2009-07-01,01 07 11 32 33,09 11,0,
09076,2009-07-04,03 09 11 18 24,04 05,0,
09077,2009-07-06,07 20 28 32 34,06 08,0,
09078,2009-07-08,11 23 26 31 34,05 11,0,
09079,2009-07-11,01 02 07 13 34,04 10,0,
09080,2009-07-13,07 16 19 29 35,02 11,0,
09081,2009-07-15,02 15 20 25 33,03 06,0,
09082,2009-07-18,05 11 26 29 32,08 11,0,
09083,2009-07-20,02 05 28 34 35,01 07,0,
09084,2009-07-22,05 09 19 26 35,02 10,0,
09085,2009-07-25,06 13 27 33 34,09 12,0,
09086,2009-07-27,01 02 07 26 29,10 12,0,
09087,2009-07-29,10 24 28 30 33,01 10,0,
09088,2009-08-01,13 16 27 32 34,03 09,0,
09089,2009-08-03,03 06 11 19 27,02 07,0,
09090,2009-08-05,18 25 30 33 34,04 10,0,
09091,2009-08-08,01 05 17 32 34,03 07,0,
09092,2009-08-10,10 21 22 27 29,08 12,0,
09093,2009-08-12,07 09 22 30 33,09 11,0,
09094,2009-08-15,01 05 21 23 29,05 12,0,
09095,2009-08-17,08 18 24 30 33,01 06,0,
09096,2009-08-19,07 12 28 32 33,01 03,0,
09097,2009-08-22,06 13 14 22 25,01 04,0,
09098,2009-08-24,11 17 19 25 26,02 10,0,
09099,2009-08-26,03 09 21 23 33,06 10,0,
09100,2009-08-29,16 20 25 29 33,01 08,0,
09101,2009-08-31,02 10 14 22 26,04 09,0,
09102,2009-09-02,11 13 29 32 35,10 12,0,
09103,2009-09-05,16 20 28 32 33,01 02,0,
09104,2009-09-07,15 25 29 32 33,10 11,0,
09105,2009-09-09,01 25 26 34 35,06 11,0,
09106,2009-09-12,11 21 22 25 34,06 09,0,
09107,2009-09-14,11 12 33 34 35,01 10,0,
09108,2009-09-16,01 09 14 29 30,07 10,0,
09109,2009-09-19,02 11 13 26 35,06 10,0,
09110,2009-09-21,22 28 30 31 34,07 09,0,
09111,2009-09-23,04 11 13 19 35,10 12,0,
09112,2009-09-26,02 08 12 34 35,04 05,0,
09113,2009-09-28,03 04 10 18 27,06 08,0,
09114,2009-09-30,02 08 25 29 33,03 07,0,
09115,2009-10-03,01 02 06 08 26,05 12,0,
09116,2009-10-05,12 15 23 30 33,09 12,0,
09117,2009-10-07,07 21 29 31 33,09 10,0,
09118,2009-10-10,10 17 18 21 34,05 11,0,
09119,2009-10-12,03 12 22 23 28,04 12,0,
09120,2009-10-14,11 23 27 28 32,02 05,0,
09121,2009-10-17,04 05 08 11 22,02 10,0,
09122,2009-10-19,01 02 11 31 33,05 06,0,
09123,2009-10-21,10 21 28 29 32,06 10,0,
09124,2009-10-24,01 03 14 32 35,07 11,0,
09125,2009-10-26,08 20 23 29 31,02 11,0,
09126,2009-10-28,14 23 27 28 33,08 12,0,
09127,2009-10-31,05 09 27 32 34,05 08,0,
09128,2009-11-02,06 21 28 32 34,04 07,0,
09129,2009-11-04,02 10 18 32 33,03 08,0,
09130,2009-11-07,09 14 25 32 34,02 08,0,
09131,2009-11-09,02 03 08 33 34,03 11,0,
09132,2009-11-11,02 10 12 15 28,04 07,0,
09133,2009-11-14,01 08 24 27 34,10 11,0,
09134,2009-11-16,02 16 19 28 33,07 11,0,
09135,2009-11-18,06 08 15 20 32,05 06,0,
09136,2009-11-21,07 13 23 24 29,06 10,0,
09137,2009-11-23,12 28 29 30 34,01 09,0,
09138,2009-11-25,03 04 14 28 32,09 10,0,
09139,2009-11-28,14 16 20 22 32,05 09,0,
09140,2009-11-30,07 08 19 26 30,01 12,0,
09141,2009-12-02,13 14 21 30 33,02 08,0,
09142,2009-12-05,05 06 13 24 31,03 11,0,
09143,2009-12-07,01 09 10 11 22,01 12,0,
09144,2009-12-09,18 26 32 33 34,04 06,0,
09145,2009-12-12,05 11 14 22 35,03 10,0,
09146,2009-12-14,11 17 23 24 25,03 06,0,
09147,2009-12-16,06 12 18 22 29,05 08,0,
09148,2009-12-19,02 04 13 14 33,01 09,0,
09149,2009-12-21,01 03 10 12 20,02 07,0,
09150,2009-12-23,04 11 18 25 34,05 07,0,
09151,2009-12-26,03 08 14 30 31,04 09,0,
09152,2009-12-28,01 23 29 30 32,07 12,0,
09153,2009-12-30,21 22 30 32 34,03 07,0,
10001,2010-01-02,02 06 07 12 27,02 08,0,
10002,2010-01-04,04 23 25 26 30,07 10,0,
10003,2010-01-06,05 14 23 27 30,02 08,0,
10004,2010-01-09,03 06 21 24 34,04 06,0,
10005,2010-01-11,04 17 19 22 30,02 03,0,
10006,2010-01-13,03 13 19 30 34,02 05,0,
10007,2010-01-16,07 23 26 29 32,08 11,0,
10008,2010-01-18,11 23 25 31 32,05 11,0,
10009,2010-01-20,02 05 13 27 32,03 11,0,
10010,2010-01-23,15 22 24 32 35,02 09,0,
10011,2010-01-25,02 03 11 27 32,08 11,0,
10012,2010-01-27,20 24 30 31 33,05 12,0,
10013,2010-01-30,18 21 22 26 34,09 12,0,
10014,2010-02-01,18 19 30 33 35,02 04,0,
10015,2010-02-03,03 10 14 18 28,08 10,0,
10016,2010-02-06,10 12 20 23 32,04 10,0,
10017,2010-02-08,13 21 23 27 34,09 12,0,
10018,2010-02-10,03 10 26 32 33,04 12,0,
10019,2010-02-20,03 11 19 26 27,02 09,0,
10020,2010-02-22,08 18 26 32 33,01 06,0,
10021,2010-02-24,11 20 23 24 25,07 09,0,
10022,2010-02-27,02 11 13 14 25,02 05,0,
10023,2010-03-01,11 13 29 32 33,02 08,0,
10024,2010-03-03,03 14 19 24 25,04 11,0,
10025,2010-03-06,09 11 13 14 25,01 07,0,
10026,2010-03-08,05 23 25 31 35,07 10,0,
10027,2010-03-10,05 23 26 32 34,02 09,0,
10028,2010-03-13,01 02 07 20 35,01 03,0,
10029,2010-03-15,21 22 33 34 35,03 04,0,
10030,2010-03-17,10 12 19 32 35,02 07,0,
10031,2010-03-20,05 13 16 17 35,06 08,0,
10032,2010-03-22,13 16 23 24 33,07 11,0,
10033,2010-03-24,12 19 28 29 30,05 08,0,
10034,2010-03-27,01 06 19 25 26,03 09,0,
10035,2010-03-29,14 16 20 31 34,01 07,0,
10036,2010-03-31,19 25 28 31 33,01 08,0,
10037,2010-04-03,19 21 26 34 35,01 09,0,
10038,2010-04-05,08 10 25 29 33,01 02,0,
10039,2010-04-07,07 19 26 28 32,01 08,0,
10040,2010-04-10,13 20 26 31 35,02 11,0,
10041,2010-04-12,16 22 28 29 34,04 12,0,
10042,2010-04-14,01 05 19 34 35,06 07,0,
10043,2010-04-17,05 08 10 33 35,02 10,0,
10044,2010-04-19,06 21 24 28 30,02 07,0,
10045,2010-04-21,08 17 18 20 28,09 10,0,
10046,2010-04-24,02 15 19 26 27,05 06,0,
10047,2010-04-26,04 08 11 30 31,02 08,0,
10048,2010-04-28,02 03 10 12 25,03 09,0,
10049,2010-05-01,01 25 29 31 33,04 10,0,
10050,2010-05-03,07 08 15 30 35,05 10,0,
10051,2010-05-05,06 10 20 24 32,06 10,0,
10052,2010-05-08,04 06 25 29 32,05 06,0,
10053,2010-05-10,09 19 22 26 34,09 11,0,
10054,2010-05-12,12 25 29 30 33,10 11,0,
10055,2010-05-15,13 14 17 27 32,02 10,0,
10056,2010-05-17,05 09 23 25 30,09 12,0,
10057,2010-05-19,15 17 24 32 35,07 09,0,
10058,2010-05-22,06 15 17 19 30,01 12,0,
10059,2010-05-24,06 10 14 25 34,01 03,0,
10060,2010-05-26,10 13 22 33 34,01 05,0,
10061,2010-05-29,05 12 14 17 22,05 07,0,
10062,2010-05-31,06 07 18 30 31,07 08,0,
10063,2010-06-02,07 14 16 30 31,03 06,0,
10064,2010-06-05,07 10 12 20 21,06 09,0,
10065,2010-06-07,05 08 13 14 32,08 11,0,
10066,2010-06-09,15 21 22 24 27,01 06,0,
10067,2010-06-12,01 11 19 30 32,03 10,0,
10068,2010-06-14,11 17 19 20 34,06 10,0,
10069,2010-06-16,06 17 18 25 29,08 09,0,
10070,2010-06-19,05 14 23 25 28,11 12,0,
10071,2010-06-21,07 12 26 30 32,02 07,0,
10072,2010-06-23,05 10 17 23 25,03 10,0,
10073,2010-06-26,04 09 11 30 32,01 11,0,
10074,2010-06-28,03 07 20 27 32,02 12,0,
10075,2010-06-30,10 12 17 23 27,05 07,0,
10076,2010-07-03,09 12 16 19 35,02 12,0,
10077,2010-07-05,06 07 09 17 24,02 12,0,
10078,2010-07-07,02 03 15 28 35,01 11,0,
10079,2010-07-10,01 04 21 22 24,02 05,0,
10080,2010-07-12,08 19 27 29 34,04 10,0,
10081,2010-07-14,14 18 20 24 27,05 10,0,
10082,2010-07-17,05 08 24 29 30,04 06,0,
10083,2010-07-19,07 11 21 22 35,04 07,0,
10084,2010-07-21,03 13 14 22 26,02 05,0,
10085,2010-07-24,02 10 16 18 34,02 03,0,
10086,2010-07-26,01 02 12 19 35,05 07,0,
10087,2010-07-28,01 12 20 21 24,02 08,0,
10088,2010-07-31,03 05 14 30 35,03 06,0,
10089,2010-08-02,04 10 13 18 23,08 10,0,
10090,2010-08-04,08 24 26 31 32,07 09,0,
10091,2010-08-07,06 10 23 26 31,05 07,0,
10092,2010-08-09,02 15 29 30 34,02 12,0,
10093,2010-08-11,02 04 09 28 29,05 08,0,
10094,2010-08-14,20 32 33 34 35,06 07,0,
10095,2010-08-16,12 14 16 19 25,01 06,0,
10096,2010-08-18,04 09 24 30 35,01 10,0,
10097,2010-08-21,09 17 21 28 29,02 08,0,
10098,2010-08-23,02 03 12 13 25,01 07,0,
10099,2010-08-25,03 11 17 21 30,01 08,0,
10100,2010-08-28,19 20 30 33 35,06 08,0,
10101,2010-08-30,11 15 22 27 35,05 08,0,
10102,2010-09-01,04 15 19 24 35,01 10,0,
10103,2010-09-04,10 14 29 30 35,05 08,0,
10104,2010-09-06,14 25 30 32 33,01 11,0,
10105,2010-09-08,05 17 26 27 35,08 09,0,
10106,2010-09-11,05 27 28 29 34,09 12,0,
10107,2010-09-13,14 17 22 27 34,03 05,0,
10108,2010-09-15,01 10 13 19 34,09 12,0,
10109,2010-09-18,01 02 08 11 25,10 12,0,
10110,2010-09-20,21 29 30 33 35,07 11,0,
10111,2010-09-22,03 06 13 14 29,01 02,0,
10112,2010-09-25,14 15 18 34 35,08 10,0,
10113,2010-09-27,05 16 22 23 32,04 10,0,
10114,2010-09-29,03 07 22 25 35,03 11,0,
10115,2010-10-02,05 07 10 15 32,03 08,0,
10116,2010-10-04,14 22 27 28 35,04 10,0,
10117,2010-10-06,04 06 21 27 34,05 09,0,
10118,2010-10-09,19 22 23 29 35,08 10,0,
10119,2010-10-11,05 13 14 23 26,02 03,0,
10120,2010-10-13,08 10 18 34 35,06 10,0,
10121,2010-10-16,21 22 31 32 34,02 12,0,
10122,2010-10-18,05 06 11 13 26,02 07,0,
10123,2010-10-20,18 20 30 32 33,01 11,0,
10124,2010-10-23,01 09 27 29 34,01 06,0,
10125,2010-10-25,01 07 09 14 19,09 12,0,
10126,2010-10-27,03 05 09 13 33,05 11,0,
10127,2010-10-30,03 22 24 30 33,04 10,0,
10128,2010-11-01,06 17 19 29 35,02 08,0,
10129,2010-11-03,14 15 24 25 26,03 07,0,
10130,2010-11-06,05 06 09 10 34,08 11,0,
10131,2010-11-08,10 15 22 28 29,04 12,0,
10132,2010-11-10,18 21 23 25 29,06 11,0,
10133,2010-11-13,11 16 17 21 22,03 06,0,
10134,2010-11-15,09 12 13 19 30,04 05,0,
10135,2010-11-17,14 17 19 26 32,03 04,0,
10136,2010-11-20,03 13 18 30 33,07 08,0,
10137,2010-11-22,22 27 28 33 35,09 11,0,
10138,2010-11-24,08 12 14 19 27,05 06,0,
10139,2010-11-27,03 13 16 19 29,07 09,0,
10140,2010-11-29,06 18 20 30 31,03 06,0,
10141,2010-12-01,05 11 17 23 33,03 10,0,
10142,2010-12-04,10 11 19 21 27,04 06,0,
10143,2010-12-06,10 16 18 22 27,06 08,0,
10144,2010-12-08,02 11 16 22 31,10 11,0,
10145,2010-12-11,18 19 27 28 33,03 06,0,
10146,2010-12-13,14 17 30 31 34,04 10,0,
10147,2010-12-15,01 15 19 21 23,11 12,0,
10148,2010-12-18,03 04 08 10 35,02 06,0,
10149,2010-12-20,05 22 24 25 30,01 06,0,
10150,2010-12-22,05 24 28 29 35,01 09,0,
10151,2010-12-25,01 10 32 33 35,03 08,0,
10152,2010-12-27,02 05 18 22 23,07 12,0,
10153,2010-12-29,06 07 16 24 35,04 06,0,
11001,2011-01-01,07 08 15 32 34,05 12,0,
11002,2011-01-03,11 13 27 28 29,02 06,0,
11003,2011-01-05,01 24 27 30 31,01 06,0,
11004,2011-01-08,07 08 10 23 25,07 09,0,
11005,2011-01-10,01 07 25 27 30,07 12,0,
11006,2011-01-12,02 08 16 26 35,11 12,"93,810,617",
11007,2011-01-15,14 24 32 33 35,02 09,0,
11008,2011-01-17,01 23 26 27 30,05 06,"98,414,874",
11009,2011-01-19,09 10 11 14 24,03 08,0,
11010,2011-01-22,04 08 10 14 27,05 07,0,
11011,2011-01-24,02 17 23 24 30,02 09,0,
11012,2011-01-26,03 12 19 25 30,08 11,0,
11013,2011-01-29,05 08 14 28 30,04 06,"139,951,606",
11014,2011-01-31,02 14 20 21 24,02 09,"155,416,933",
11015,2011-02-09,08 18 19 22 23,01 03,"164,947,287",
11016,2011-02-12,15 20 30 33 35,06 09,"177,165,752",
11017,2011-02-14,16 19 24 26 31,02 04,"190,209,245",
11018,2011-02-16,16 22 24 32 34,02 10,"204,559,462",
11019,2011-02-19,08 21 23 27 33,06 11,"190,984,829",
11020,2011-02-21,09 12 19 22 28,01 05,"204,915,970",
11021,2011-02-23,01 09 13 17 30,02 08,"216,528,880",
11022,2011-02-26,09 14 24 25 34,01 04,"235,318,601",
11023,2011-02-28,05 13 16 18 24,02 12,"238,779,266",
11024,2011-03-02,12 15 16 20 33,08 12,"247,441,137",
11025,2011-03-05,08 09 25 28 29,02 10,"254,653,894",
11026,2011-03-07,01 09 15 20 29,07 09,"272,445,556",
11027,2011-03-09,05 14 25 34 35,02 05,"266,248,099",
11028,2011-03-12,01 02 13 17 28,01 04,"286,700,891",
11029,2011-03-14,03 09 17 24 28,06 12,"283,471,208",
11030,2011-03-16,15 19 25 30 33,03 08,"232,471,208",
11031,2011-03-19,12 17 19 22 35,04 11,"250,852,819",
11032,2011-03-21,07 16 23 31 33,03 10,"254,707,534",
11033,2011-03-23,03 19 24 29 33,03 09,"256,334,761",
11034,2011-03-26,03 06 09 17 27,03 09,"279,221,801",
11035,2011-03-28,03 04 13 15 32,04 09,"298,041,572",
11036,2011-03-30,03 18 29 30 33,08 09,"313,269,458",
11037,2011-04-02,01 12 14 22 24,10 12,"322,942,088",
11038,2011-04-04,07 09 11 13 33,10 12,"326,387,365",
11039,2011-04-06,01 11 14 22 34,06 08,"327,322,701",
11040,2011-04-09,03 07 15 18 20,01 06,"348,774,894",
11041,2011-04-11,04 05 11 13 25,03 06,"341,699,221",
11042,2011-04-13,06 09 18 30 32,10 12,"349,947,313",
11043,2011-04-16,02 08 23 33 35,05 10,"361,242,100",
11044,2011-04-18,11 21 24 26 31,06 07,"371,458,144",
11045,2011-04-20,13 21 22 29 31,07 11,"387,770,674",
11046,2011-04-23,09 15 16 19 29,04 06,"381,020,504",
11047,2011-04-25,02 15 22 33 35,05 08,"386,905,515",
11048,2011-04-27,13 17 25 27 28,02 03,"361,905,515",
11049,2011-04-30,05 06 10 22 25,01 09,"357,714,362",
11050,2011-05-02,04 07 29 32 33,08 10,"360,591,452",
11051,2011-05-04,06 08 12 17 18,05 10,"360,501,853",
11052,2011-05-07,13 24 31 32 33,03 09,"349,623,523",
11053,2011-05-09,03 16 28 31 32,01 09,"372,405,323",
11054,2011-05-11,05 09 16 26 35,03 10,"392,030,969",
11055,2011-05-14,01 07 31 32 35,02 10,"419,164,003",
11056,2011-05-16,03 05 29 30 31,08 10,"414,373,623",
11057,2011-05-18,07 11 30 31 34,09 12,"426,872,297",
11058,2011-05-21,01 09 27 32 33,03 06,"303,872,297",
11059,2011-05-23,09 16 21 29 34,07 10,"328,983,692",
11060,2011-05-25,03 25 29 32 34,09 10,"327,233,734",
11061,2011-05-28,06 07 16 18 20,04 10,"325,886,265",
11062,2011-05-30,06 10 17 20 21,03 07,"326,866,617",
11063,2011-06-01,10 17 18 26 32,01 05,"348,759,449",
11064,2011-06-04,01 06 27 30 34,01 06,"362,140,610",
11065,2011-06-06,03 11 14 25 34,01 04,"375,078,277",
11066,2011-06-08,06 13 18 20 33,09 10,"395,795,484",
11067,2011-06-11,10 17 22 24 32,03 10,"367,347,891",
11068,2011-06-13,01 13 16 18 32,07 09,"380,952,965",
11069,2011-06-15,03 05 28 29 33,04 12,"377,697,008",
11070,2011-06-18,09 19 22 29 30,02 08,"306,602,546",
11071,2011-06-20,27 31 33 34 35,04 06,"299,596,663",
11072,2011-06-22,03 11 13 20 35,03 08,"319,871,133",
11073,2011-06-25,13 19 20 22 33,05 11,"317,666,106",
11074,2011-06-27,07 16 23 28 31,03 06,"138,721,670",
11075,2011-06-29,06 09 20 23 28,06 10,"137,633,524",
11076,2011-07-02,18 23 25 29 30,01 02,"140,694,437",
11077,2011-07-04,05 08 19 33 34,01 12,"149,491,545",
11078,2011-07-06,04 09 16 27 30,02 06,"146,794,221",
11079,2011-07-09,01 03 23 30 31,02 10,"162,610,282",
11080,2011-07-11,05 12 30 31 32,01 03,"180,641,784",
11081,2011-07-13,04 13 20 21 35,02 09,"197,429,220",
11082,2011-07-16,07 20 25 30 32,05 09,"184,396,669",
11083,2011-07-18,06 08 18 20 24,04 08,"182,379,281",
11084,2011-07-20,14 29 31 34 35,01 12,"199,987,836",
11085,2011-07-23,02 17 19 21 22,03 10,"181,023,381",
11086,2011-07-25,04 05 06 09 15,01 06,"200,963,433",
11087,2011-07-27,06 13 20 25 34,07 09,"192,547,274",
11088,2011-07-30,20 21 27 29 35,03 08,"184,852,679",
11089,2011-08-01,05 06 23 27 34,03 04,"207,931,278",
11090,2011-08-03,02 04 29 30 34,05 08,"223,262,272",
11091,2011-08-06,11 17 23 29 30,06 08,"234,735,997",
11092,2011-08-08,10 17 19 32 33,01 12,"234,885,420",
11093,2011-08-10,04 06 08 19 31,10 11,"252,703,120",
11094,2011-08-13,11 21 22 32 34,04 08,"242,990,584",
11095,2011-08-15,09 12 17 19 29,06 11,"244,892,108",
11096,2011-08-17,03 08 20 24 25,01 02,"245,245,462",
11097,2011-08-20,04 19 28 31 33,11 12,"256,846,500",
11098,2011-08-22,06 07 28 33 35,01 10,"257,814,962",
11099,2011-08-24,02 06 09 12 20,05 08,"258,383,576",
11100,2011-08-27,08 11 13 28 33,08 09,"260,611,163",
11101,2011-08-29,05 12 20 28 30,03 07,"14,156,217",
11102,2011-08-31,19 24 28 31 34,04 12,"25,254,149",
11103,2011-09-03,03 04 26 29 34,01 03,"27,371,055",
11104,2011-09-05,07 19 27 28 34,02 05,"27,080,587",
11105,2011-09-07,02 11 26 32 33,05 12,"47,353,889",
11106,2011-09-10,01 09 29 30 35,05 09,0,
11107,2011-09-12,02 06 18 30 32,01 08,"989,564",
11108,2011-09-14,07 15 18 24 28,01 07,"38,197,639",
11109,2011-09-17,01 11 12 22 34,08 10,"52,990,177",
11110,2011-09-19,30 31 33 34 35,04 07,0,
11111,2011-09-21,02 11 13 23 31,11 12,"25,888,039",
11112,2011-09-24,06 17 28 32 33,08 12,"36,043,587",
11113,2011-09-26,04 05 07 10 12,04 05,"43,144,622",
11114,2011-09-28,06 08 17 27 35,02 11,"59,148,718",
11115,2011-10-01,17 26 30 31 35,06 11,"75,408,885",
11116,2011-10-03,10 15 18 19 26,07 12,"91,469,633",
11117,2011-10-05,10 12 28 32 33,03 05,"93,150,429",
11118,2011-10-08,04 07 11 32 35,05 07,"113,105,840",
11119,2011-10-10,04 15 20 26 31,06 12,"132,763,457",
11120,2011-10-12,20 25 26 30 31,09 10,"70,955,762",
11121,2011-10-15,02 03 30 31 33,03 09,"88,050,408",
11122,2011-10-17,03 08 23 24 34,05 12,"88,150,642",
11123,2011-10-19,10 14 18 19 35,01 06,"90,578,986",
11124,2011-10-22,08 12 14 20 25,06 08,"109,336,208",
11125,2011-10-24,07 10 27 34 35,10 12,"126,631,088",
11126,2011-10-26,07 17 29 30 33,10 12,"121,775,456",
11127,2011-10-29,01 11 22 26 29,05 08,"126,403,896",
11128,2011-10-31,03 04 06 11 13,01 02,"147,214,578",
11129,2011-11-02,01 07 13 18 23,04 08,"166,898,558",
11130,2011-11-05,08 09 13 23 35,11 12,"169,772,009",
11131,2011-11-07,03 05 12 18 33,07 11,"173,711,416",
11132,2011-11-09,12 14 16 19 33,02 09,"181,219,052",
11133,2011-11-12,04 11 23 26 35,03 12,"155,586,179",
11134,2011-11-14,01 10 12 14 17,09 10,"176,136,024",
11135,2011-11-16,06 22 29 33 35,03 12,"183,215,202",
11136,2011-11-19,08 09 11 19 33,03 12,"187,894,014",
11137,2011-11-21,02 15 18 23 31,01 02,"205,106,425",
11138,2011-11-23,17 23 26 30 32,06 12,"192,215,936",
11139,2011-11-26,04 06 10 15 16,03 04,"204,116,699",
11140,2011-11-28,01 12 32 33 34,09 11,"194,719,682",
11141,2011-11-30,02 11 19 22 35,10 12,"190,726,011",
11142,2011-12-03,04 26 30 33 34,04 06,"180,227,762",
11143,2011-12-05,08 09 12 25 33,07 10,"186,088,213",
11144,2011-12-07,07 18 24 28 33,02 03,"197,910,066",
11145,2011-12-10,07 15 19 24 29,04 06,"208,226,606",
11146,2011-12-12,09 13 19 29 34,02 11,"227,180,037",
11147,2011-12-14,01 15 16 27 28,02 07,"238,328,635",
11148,2011-12-17,07 10 11 26 31,03 04,"236,831,159",
11149,2011-12-19,02 07 12 29 31,03 05,"245,776,977",
11150,2011-12-21,13 22 30 33 34,06 12,"211,919,872",
11151,2011-12-24,07 11 14 20 27,03 10,"210,904,537",
11152,2011-12-26,01 04 06 21 35,02 11,"228,103,496",
11153,2011-12-28,06 22 29 30 35,03 05,"243,156,811",
11154,2011-12-31,04 12 16 20 28,08 11,"262,691,603",
12001,2012-01-02,07 27 28 32 33,01 12,"234,100,467",
12002,2012-01-04,03 11 14 26 29,07 08,"238,711,466",
12003,2012-01-07,16 22 24 33 34,03 10,"239,743,471",
12004,2012-01-09,10 11 22 31 32,06 07,"254,045,459",
12005,2012-01-11,01 02 29 31 33,07 12,"268,966,261",
12006,2012-01-14,03 20 22 25 27,01 09,"280,396,272",
12007,2012-01-16,04 05 13 17 25,07 10,"286,271,587",
12008,2012-01-18,06 08 30 31 32,01 11,"289,611,772",
12009,2012-01-21,06 14 20 29 35,09 10,"299,389,761",
12010,2012-01-30,25 26 29 32 34,05 07,"314,253,773",
12011,2012-02-01,05 19 22 29 30,02 04,"318,247,147",
12012,2012-02-04,06 18 22 30 35,02 07,"320,252,410",
12013,2012-02-06,07 08 11 12 24,01 02,"281,212,681",
12014,2012-02-08,10 14 24 30 32,01 12,"281,574,644",
12015,2012-02-11,12 13 24 26 33,06 08,"275,778,245",
12016,2012-02-13,05 14 20 29 31,08 12,"294,074,410",
12017,2012-02-15,06 11 22 29 34,03 12,"205,074,410",
12018,2012-02-18,03 10 14 29 31,04 08,"227,011,384",
12019,2012-02-20,07 09 17 30 34,01 12,"232,722,464",
12020,2012-02-22,12 14 27 29 34,03 06,"241,041,919",
12021,2012-02-25,10 15 21 31 34,07 08,"237,838,706",
12022,2012-02-27,07 12 20 33 35,01 10,"230,699,005",
12023,2012-02-29,07 09 17 29 35,09 10,"231,239,956",
12024,2012-03-03,03 11 17 21 30,03 07,"210,442,692",
12025,2012-03-05,01 02 05 12 27,04 07,"220,170,940",
12026,2012-03-07,10 11 22 23 29,02 09,"209,315,120",
12027,2012-03-10,03 10 11 22 31,05 07,"189,752,158",
12028,2012-03-12,10 12 15 33 34,03 10,"198,411,361",
12029,2012-03-14,04 07 08 18 29,07 10,"213,113,822",
12030,2012-03-17,03 21 22 26 32,01 03,"224,610,048",
12031,2012-03-19,19 21 23 25 30,03 08,"222,387,989",
12032,2012-03-21,07 08 16 26 34,07 11,"241,879,359",
12033,2012-03-24,08 13 19 27 32,01 08,"261,869,884",
12034,2012-03-26,01 08 15 16 29,08 09,"259,501,847",
12035,2012-03-28,01 04 30 32 35,08 12,"255,400,272",
12036,2012-03-31,01 09 20 30 31,08 12,"275,715,296",
12037,2012-04-02,09 13 27 31 35,03 10,"288,320,107",
12038,2012-04-04,11 23 25 31 35,01 03,"308,092,525",
12039,2012-04-07,15 21 22 24 35,01 05,"305,743,107",
12040,2012-04-09,02 13 23 28 29,01 05,"324,915,094",
12041,2012-04-11,01 02 13 22 23,02 10,"328,725,027",
12042,2012-04-14,07 24 27 28 35,07 12,"317,892,751",
12043,2012-04-16,01 06 25 31 34,03 09,"330,934,635",
12044,2012-04-18,03 04 14 32 35,01 02,"325,410,674",
12045,2012-04-21,05 11 17 20 28,11 12,"327,494,107",
12046,2012-04-23,04 08 19 23 27,04 11,"342,272,592",
12047,2012-04-25,05 07 17 30 34,03 10,"355,708,159",
12048,2012-04-28,06 09 26 30 35,05 06,"343,351,390",
12049,2012-04-30,09 18 22 27 31,10 12,"358,707,839",
12050,2012-05-02,13 17 22 28 29,01 10,"357,744,136",
12051,2012-05-05,01 02 17 18 33,05 12,"370,141,010",
12052,2012-05-07,10 20 26 31 33,10 12,"377,226,308",
12053,2012-05-09,11 12 26 28 31,07 12,"395,477,861",
12054,2012-05-12,01 16 18 27 30,10 11,"391,349,045",
12055,2012-05-14,07 22 26 32 33,01 08,"387,386,703",
12056,2012-05-16,11 21 23 26 34,07 09,"386,376,159",
12057,2012-05-19,01 02 14 33 34,03 05,"395,939,072",
12058,2012-05-21,13 21 29 31 35,04 12,"386,647,639",
12059,2012-05-23,09 13 19 21 27,03 04,"379,705,028",
12060,2012-05-26,02 16 21 24 30,06 10,"384,536,427",
12061,2012-05-28,05 10 14 27 33,07 09,"384,347,790",
12062,2012-05-30,21 32 33 34 35,08 09,"228,347,790",
12063,2012-06-02,11 25 26 29 35,01 02,"227,036,376",
12064,2012-06-04,09 12 13 15 30,09 10,"229,995,094",
12065,2012-06-06,10 22 28 29 34,05 11,"227,963,752",
12066,2012-06-09,01 20 25 29 33,04 06,"247,731,515",
12067,2012-06-11,20 22 27 30 33,01 02,"256,596,305",
12068,2012-06-13,01 21 31 32 35,03 06,"263,814,038",
12069,2012-06-16,02 04 22 25 34,02 11,"276,745,169",
12070,2012-06-18,09 22 23 32 34,06 08,"292,784,939",
12071,2012-06-20,13 23 29 31 34,06 08,"286,925,096",
12072,2012-06-23,04 08 17 22 25,04 10,"306,680,564",
12073,2012-06-25,18 23 29 33 34,02 07,"311,595,963",
12074,2012-06-27,10 22 23 30 32,01 07,"70,930,242",
12075,2012-06-30,07 09 10 18 22,05 10,"90,026,538",
12076,2012-07-02,02 14 16 22 24,02 05,"110,771,249",
12077,2012-07-04,10 30 32 33 34,02 03,"82,771,249",
12078,2012-07-07,01 02 23 25 35,05 12,"80,255,739",
12079,2012-07-09,01 05 25 32 33,01 10,"92,633,784",
12080,2012-07-11,11 12 14 25 28,02 05,"110,424,961",
12081,2012-07-14,10 16 17 30 35,01 08,"113,317,516",
12082,2012-07-16,02 04 09 10 15,08 10,"114,033,805",
12083,2012-07-18,16 19 28 29 31,05 08,"119,081,870",
12084,2012-07-21,21 24 27 29 31,01 02,"122,538,709",
12085,2012-07-23,07 18 29 31 33,10 12,"82,168,393",
12086,2012-07-25,03 20 25 29 32,05 10,"95,922,991",
12087,2012-07-28,01 06 07 21 31,04 11,"110,130,296",
12088,2012-07-30,13 17 24 30 35,02 10,"108,698,300",
12089,2012-08-01,06 12 21 29 32,06 11,"125,297,322",
12090,2012-08-04,02 21 27 29 33,02 10,"130,347,386",
12091,2012-08-06,03 10 28 31 33,01 09,"129,358,969",
12092,2012-08-08,08 09 23 25 31,02 12,"124,289,219",
12093,2012-08-11,02 16 21 31 33,04 11,"133,431,285",
12094,2012-08-13,02 14 23 32 35,01 10,"127,108,672",
12095,2012-08-15,06 09 22 27 30,08 12,"122,925,022",
12096,2012-08-18,05 10 19 24 35,08 09,"138,933,742",
12097,2012-08-20,09 17 24 29 32,01 02,"142,144,368",
12098,2012-08-22,02 11 28 29 30,06 12,"140,602,551",
12099,2012-08-25,12 18 24 25 32,02 12,"160,992,010",
12100,2012-08-27,07 09 13 19 27,01 03,"97,280,598",
12101,2012-08-29,02 05 08 09 31,03 07,"109,329,359",
12102,2012-09-01,02 04 06 13 35,04 08,"118,360,865",
12103,2012-09-03,02 09 18 23 24,01 04,"121,552,988",
12104,2012-09-05,16 18 24 25 27,04 09,"140,640,872",
12105,2012-09-08,05 06 14 15 31,06 08,"138,411,865",
12106,2012-09-10,15 23 25 29 31,09 10,"137,174,318",
12107,2012-09-12,04 07 09 22 33,01 03,"153,914,360",
12108,2012-09-15,06 07 12 24 35,02 06,"157,260,079",
12109,2012-09-17,01 22 30 32 35,09 11,"144,611,573",
12110,2012-09-19,01 11 17 19 26,05 12,"125,852,385",
12111,2012-09-22,01 24 25 30 33,04 11,"143,493,586",
12112,2012-09-24,01 02 28 31 35,05 07,"140,279,011",
12113,2012-09-26,03 10 22 27 29,03 12,"133,756,829",
12114,2012-09-29,03 06 21 33 35,01 07,"154,150,771",
12115,2012-10-01,01 06 13 19 23,06 09,"169,023,532",
12116,2012-10-03,01 11 18 20 22,07 10,0,
12117,2012-10-06,01 12 18 21 33,07 08,"181,213,469",
12118,2012-10-08,05 17 25 30 33,01 12,"198,330,008",
12119,2012-10-10,05 06 09 19 32,06 09,"203,401,661",
12120,2012-10-13,02 10 21 23 29,03 04,"205,781,709",
12121,2012-10-15,07 18 20 29 30,05 06,"180,675,093",
12122,2012-10-17,23 24 25 29 31,03 12,"185,975,688",
12123,2012-10-20,05 08 18 30 33,01 09,"183,245,311",
12124,2012-10-22,07 11 19 20 35,05 10,"185,343,410",
12125,2012-10-24,06 14 17 22 35,01 02,"202,092,498",
12126,2012-10-27,13 14 21 28 29,05 10,"222,582,953",
12127,2012-10-29,12 13 14 25 35,10 12,"232,101,513",
12128,2012-10-31,09 10 19 30 31,04 11,"158,101,513",
12129,2012-11-03,01 07 21 28 31,03 09,"162,359,872",
12130,2012-11-05,14 19 23 29 30,06 07,"162,055,982",
12131,2012-11-07,02 16 18 27 30,08 12,"165,300,948",
12132,2012-11-10,05 08 21 25 33,01 11,"158,224,875",
12133,2012-11-12,05 07 13 29 30,01 05,"177,867,882",
12134,2012-11-14,01 06 18 32 35,02 07,"174,119,756",
12135,2012-11-17,03 05 17 18 33,06 07,"195,352,677",
12136,2012-11-19,02 23 29 30 31,01 04,"187,811,157",
12137,2012-11-21,03 12 20 21 27,01 06,"176,275,822",
12138,2012-11-24,13 17 27 31 33,06 12,"168,189,135",
12139,2012-11-26,09 10 12 22 25,04 11,"159,798,479",
12140,2012-11-28,07 17 27 28 29,09 10,"102,910,036",
12141,2012-12-01,03 11 19 23 34,02 12,"109,227,850",
12142,2012-12-03,15 19 29 34 35,07 10,"109,794,215",
12143,2012-12-05,09 27 29 30 31,03 06,"102,870,962",
12144,2012-12-08,11 13 14 21 29,01 10,"3,369,368",
12145,2012-12-10,05 22 31 33 35,06 09,"22,893,881",
12146,2012-12-12,01 10 13 17 26,06 08,"22,302,458",
12147,2012-12-15,02 03 17 19 33,02 09,"28,529,333",
12148,2012-12-17,04 16 27 29 34,06 11,"32,076,134",
12149,2012-12-19,02 10 23 33 34,05 10,"30,708,485",
12150,2012-12-22,02 14 18 24 31,02 03,"51,830,291",
12151,2012-12-24,03 19 20 24 33,03 04,"69,714,376",
12152,2012-12-26,04 17 26 33 34,02 08,"42,430,665",
12153,2012-12-29,08 09 10 13 22,05 10,"54,890,188",
12154,2012-12-31,03 26 27 31 32,03 09,"69,462,813",
13001,2013-01-02,06 09 11 31 32,05 11,"87,583,599",
13002,2013-01-05,04 20 27 31 32,06 12,"108,094,375",
13003,2013-01-07,01 16 18 21 31,09 12,"120,141,232",
13004,2013-01-09,07 08 12 20 25,03 07,"101,548,129",
13005,2013-01-12,18 22 26 28 31,10 12,"123,594,996",
13006,2013-01-14,08 20 25 31 32,05 07,"126,585,204",
13007,2013-01-16,14 29 32 33 34,03 06,"116,585,204",
13008,2013-01-19,02 07 25 29 34,03 06,"124,053,473",
13009,2013-01-21,10 17 19 27 29,05 12,"100,586,068",
13010,2013-01-23,09 15 17 18 29,09 11,"117,031,592",
13011,2013-01-26,01 02 08 15 23,06 09,"116,673,757",
13012,2013-01-28,01 14 31 32 34,02 11,"135,535,963",
13013,2013-01-30,13 15 29 30 35,01 11,"146,150,128",
13014,2013-02-02,05 08 25 29 31,02 04,"154,624,839",
13015,2013-02-04,14 15 26 32 33,01 11,"152,902,085",
13016,2013-02-06,05 15 19 27 32,08 09,"170,130,710",
13017,2013-02-16,11 14 22 29 34,05 11,"10,000,000",
13018,2013-02-18,20 23 31 33 34,03 09,"11,738,506",
13019,2013-02-20,06 12 17 29 30,07 11,"18,419,704",
13020,2013-02-23,06 11 20 31 32,05 09,"30,797,768",
13021,2013-02-25,23 24 28 30 33,01 11,"43,329,822",
13022,2013-02-27,03 04 13 17 23,03 08,"53,204,819",
13023,2013-03-02,05 19 24 26 35,05 07,"68,857,932",
13024,2013-03-04,09 12 14 18 24,01 04,"84,966,486",
13025,2013-03-06,03 23 25 26 28,10 12,"95,037,003",
13026,2013-03-09,02 10 16 30 33,05 06,"86,999,987",
13027,2013-03-11,03 12 14 24 35,03 08,"99,217,311",
13028,2013-03-13,13 19 28 30 34,08 12,"117,290,371",
13029,2013-03-16,05 07 17 25 26,04 10,"124,168,043",
13030,2013-03-18,03 05 09 10 28,05 07,"142,906,622",
13031,2013-03-20,12 17 18 26 32,10 11,"152,903,939",
13032,2013-03-23,12 27 28 33 35,01 08,"159,896,906",
13033,2013-03-25,12 18 22 28 31,01 11,"183,084,465",
13034,2013-03-27,01 03 11 19 29,04 08,"175,024,647",
13035,2013-03-30,05 14 28 32 34,07 08,"157,137,514",
13036,2013-04-01,08 12 32 33 35,03 05,"158,595,131",
13037,2013-04-03,02 26 31 32 34,06 08,"159,171,880",
13038,2013-04-06,01 19 24 25 26,07 09,"180,313,811",
13039,2013-04-08,06 23 30 33 35,07 10,"192,846,712",
13040,2013-04-10,16 17 22 26 35,03 10,"205,633,582",
13041,2013-04-13,03 13 14 15 34,05 08,"198,017,788",
13042,2013-04-15,02 06 22 23 33,01 06,"200,479,790",
13043,2013-04-17,07 13 25 34 35,07 09,"192,316,919",
13044,2013-04-20,07 11 13 18 28,05 10,"192,471,304",
13045,2013-04-22,08 11 12 21 25,02 07,"186,295,531",
13046,2013-04-24,15 16 19 25 32,05 11,"207,466,383",
13047,2013-04-27,12 20 28 30 35,03 11,"228,283,036",
13048,2013-04-29,10 11 23 32 33,01 04,"180,774,662",
13049,2013-05-01,18 22 25 31 32,04 06,"185,855,837",
13050,2013-05-04,14 22 30 32 33,07 08,"183,101,262",
13051,2013-05-06,05 08 15 18 33,07 08,"189,058,365",
13052,2013-05-08,01 02 10 29 31,01 10,"166,304,395",
13053,2013-05-11,13 31 33 34 35,05 07,"123,304,395",
13054,2013-05-13,05 08 21 30 32,01 08,"114,882,950",
13055,2013-05-15,04 05 22 23 24,03 09,"107,162,071",
13056,2013-05-18,11 22 30 32 35,03 04,"106,703,983",
13057,2013-05-20,07 15 27 33 35,07 10,"123,030,080",
13058,2013-05-22,20 21 27 31 35,07 11,"125,968,561",
13059,2013-05-25,03 08 11 24 27,07 12,"148,773,878",
13060,2013-05-27,15 25 26 32 35,05 10,"116,219,946",
13061,2013-05-29,01 14 18 21 32,05 10,"142,690,976",
13062,2013-06-01,01 05 08 09 12,09 12,"133,663,835",
13063,2013-06-03,03 05 11 27 28,05 06,"146,067,573",
13064,2013-06-05,21 24 26 28 32,01 03,"159,171,307",
13065,2013-06-08,09 28 31 34 35,02 09,"164,666,357",
13066,2013-06-10,06 07 13 33 34,02 11,"173,469,085",
13067,2013-06-12,02 03 05 08 29,10 12,"168,117,873",
13068,2013-06-15,10 17 27 34 35,05 07,"151,050,094",
13069,2013-06-17,06 12 13 16 30,07 12,"165,804,899",
13070,2013-06-19,09 12 18 21 29,01 08,"172,138,704",
13071,2013-06-22,13 19 26 27 28,03 11,"170,320,645",
13072,2013-06-24,12 27 28 33 35,03 05,"131,224,965",
13073,2013-06-26,03 05 23 27 31,02 06,"124,925,587",
13074,2013-06-29,06 14 20 24 32,01 07,"112,228,527",
13075,2013-07-01,01 11 13 19 35,07 08,"111,311,262",
13076,2013-07-03,13 15 16 26 27,09 10,"106,302,568",
13077,2013-07-06,24 26 30 32 35,06 12,"103,028,044",
13078,2013-07-08,02 07 23 31 33,02 08,"104,883,662",
13079,2013-07-10,09 10 17 21 34,01 07,"106,225,828",
13080,2013-07-13,06 21 23 27 31,04 06,"132,673,164",
13081,2013-07-15,07 09 15 17 23,02 07,"150,300,415",
13082,2013-07-17,03 09 25 26 33,03 12,"171,994,313",
13083,2013-07-20,26 29 30 32 35,04 10,"86,994,313",
13084,2013-07-22,08 22 26 29 35,01 05,"105,974,540",
13085,2013-07-24,08 19 23 27 32,03 05,"98,643,241",
13086,2013-07-27,09 16 26 29 31,06 09,"28,968,747",
13087,2013-07-29,09 12 22 32 34,02 04,"42,617,129",
13088,2013-07-31,03 05 08 33 35,01 03,0,
13089,2013-08-03,06 07 23 24 29,04 11,"2,846,241",
13090,2013-08-05,02 26 30 31 33,11 12,"5,263,955",
13091,2013-08-07,04 09 28 34 35,02 08,0,
13092,2013-08-10,07 10 21 27 33,03 09,0,
13093,2013-08-12,01 05 17 18 26,05 07,0,
13094,2013-08-14,03 28 33 34 35,06 09,0,
13095,2013-08-17,03 17 28 30 33,01 10,"642,661",
13096,2013-08-19,17 19 20 22 26,06 08,"19,111,160",
13097,2013-08-21,07 08 13 17 32,03 08,"28,216,869",
13098,2013-08-24,02 06 16 29 34,10 11,"35,352,220",
13099,2013-08-26,04 11 28 30 33,05 12,"12,009,973",
13100,2013-08-28,09 12 24 26 30,05 09,"6,402,825",
13101,2013-08-31,04 09 13 15 32,02 09,"14,743,158",
13102,2013-09-02,06 12 15 19 26,02 11,"36,350,423",
13103,2013-09-04,05 08 13 16 31,03 09,"37,443,844",
13104,2013-09-07,02 05 11 27 29,01 11,"61,624,635",
13105,2013-09-09,07 13 27 30 34,01 12,"73,054,761",
13106,2013-09-11,06 07 12 13 27,03 12,"88,399,110",
13107,2013-09-14,07 13 14 18 25,05 12,"111,070,403",
13108,2013-09-16,05 10 13 15 18,02 11,"134,193,271",
13109,2013-09-18,13 20 26 29 32,02 06,"145,869,127",
13110,2013-09-21,07 16 18 32 33,02 07,"149,035,335",
13111,2013-09-23,07 12 13 20 27,01 03,"151,209,447",
13112,2013-09-25,02 10 20 22 29,05 12,"164,634,801",
13113,2013-09-28,19 21 23 28 30,08 12,"154,688,007",
13114,2013-09-30,06 17 21 23 33,01 09,"135,253,881",
13115,2013-10-02,05 16 29 32 34,04 11,"87,253,881",
13116,2013-10-05,13 22 23 30 33,09 11,"97,540,922",
13117,2013-10-07,05 16 23 25 33,07 12,"112,954,194",
13118,2013-10-09,04 06 11 20 31,01 05,"124,989,788",
13119,2013-10-12,01 02 16 23 35,01 11,"144,276,439",
13120,2013-10-14,06 14 15 22 26,03 11,"167,252,806",
13121,2013-10-16,03 18 19 20 24,03 12,"167,954,219",
13122,2013-10-19,15 17 20 24 35,04 12,"183,742,526",
13123,2013-10-21,02 09 10 33 34,05 12,"201,386,997",
13124,2013-10-23,05 07 18 21 32,10 11,"207,891,533",
13125,2013-10-26,04 08 14 23 28,04 08,"178,104,632",
13126,2013-10-28,09 10 15 18 30,03 06,"172,845,865",
13127,2013-10-30,03 14 16 19 32,05 10,"165,583,037",
13128,2013-11-02,11 13 27 33 35,01 02,"113,183,371",
13129,2013-11-04,11 23 29 30 33,01 04,"103,338,276",
13130,2013-11-06,08 09 15 19 30,06 09,"95,469,948",
13131,2013-11-09,12 15 29 30 31,04 12,"116,854,488",
13132,2013-11-11,23 26 28 31 34,02 10,"105,675,073",
13133,2013-11-13,02 08 10 16 17,09 12,"122,965,280",
13134,2013-11-16,02 13 19 23 32,02 09,"148,480,349",
13135,2013-11-18,04 13 19 25 26,07 12,"171,612,098",
13136,2013-11-20,05 11 15 25 28,05 11,"154,167,079",
13137,2013-11-23,04 12 32 33 34,06 08,"152,139,878",
13138,2013-11-25,03 08 13 17 24,07 09,"81,149,879",
13139,2013-11-27,05 06 18 20 31,06 07,"82,963,265",
13140,2013-11-30,01 12 17 26 28,01 06,"91,556,766",
13141,2013-12-02,05 15 18 25 31,08 10,"111,701,804",
13142,2013-12-04,06 11 25 28 29,04 12,"115,535,221",
13143,2013-12-07,03 08 14 21 31,06 08,"118,184,260",
13144,2013-12-09,03 20 21 23 35,02 08,"128,088,241",
13145,2013-12-11,02 13 15 18 20,02 11,"153,157,780",
13146,2013-12-14,06 07 15 25 31,01 09,"168,244,721",
13147,2013-12-16,03 09 22 24 25,05 09,"171,377,233",
13148,2013-12-18,02 05 09 29 32,03 07,"177,610,569",
13149,2013-12-21,06 07 08 09 13,05 07,"180,873,480",
13150,2013-12-23,06 07 14 18 22,08 11,"195,421,794",
13151,2013-12-25,02 13 21 27 30,03 04,"218,469,468",
13152,2013-12-28,09 12 14 18 19,03 09,"208,662,004",
13153,2013-12-30,04 05 16 17 30,03 09,"235,568,607",
14001,2014-01-01,05 13 20 23 29,08 11,"245,814,203",
14002,2014-01-04,01 12 21 24 29,01 07,"265,231,194",
14003,2014-01-06,07 11 13 21 33,05 06,"262,749,156",
14004,2014-01-08,07 10 19 27 28,09 12,"259,377,488",
14005,2014-01-11,15 17 18 29 33,04 08,"251,264,064",
14006,2014-01-13,01 04 07 16 35,06 08,"279,505,469",
14007,2014-01-15,08 11 14 21 32,03 11,"263,085,157",
14008,2014-01-18,11 13 20 28 35,01 05,"282,150,599",
14009,2014-01-20,10 18 25 29 33,07 08,"277,824,746",
14010,2014-01-22,05 10 20 26 27,01 03,"289,164,215",
14011,2014-01-25,04 06 14 24 35,07 12,"305,399,026",
14012,2014-01-27,09 20 21 23 29,05 07,"308,985,857",
14013,2014-01-29,10 11 13 22 28,04 12,"324,041,671",
14014,2014-02-08,01 09 11 27 29,03 11,"325,125,162",
14015,2014-02-10,04 06 18 20 30,05 07,"336,487,176",
14016,2014-02-12,04 06 13 24 34,04 09,"312,409,622",
14017,2014-02-15,05 10 11 23 34,01 10,"295,873,500",
14018,2014-02-17,08 09 12 28 34,02 12,"317,846,981",
14019,2014-02-19,07 12 22 29 32,11 12,"316,455,971",
14020,2014-02-22,01 14 17 30 35,06 07,"322,855,712",
14021,2014-02-24,06 10 17 23 24,03 09,"309,059,701",
14022,2014-02-26,03 06 10 16 25,10 11,"325,669,431",
14023,2014-03-01,04 13 15 29 33,05 09,"306,189,144",
14024,2014-03-03,07 11 15 31 32,06 11,"297,992,483",
14025,2014-03-05,19 20 27 32 34,06 08,"292,317,488",
14026,2014-03-08,05 10 12 15 26,04 08,"318,035,173",
14027,2014-03-10,09 10 24 28 29,10 12,"313,884,979",
14028,2014-03-12,03 10 20 25 30,10 12,"323,066,741",
14029,2014-03-15,03 21 22 23 35,05 09,"302,523,173",
14030,2014-03-17,03 14 18 29 35,11 12,"299,990,119",
14031,2014-03-19,06 15 27 32 33,03 04,"298,257,838",
14032,2014-03-22,02 05 06 09 31,02 09,"313,118,209",
14033,2014-03-24,01 07 08 28 29,04 08,"313,921,770",
14034,2014-03-26,03 11 14 27 32,05 07,"294,040,655",
14035,2014-03-29,09 12 14 28 29,03 10,"291,041,521",
14036,2014-03-31,01 02 12 17 29,03 08,"293,099,516",
14037,2014-04-02,03 04 08 19 34,02 04,"294,858,966",
14038,2014-04-05,07 08 12 20 32,03 05,"290,675,013",
14039,2014-04-07,02 05 11 15 20,08 11,"316,737,417",
14040,2014-04-09,12 15 21 30 33,02 08,"320,311,146",
14041,2014-04-12,05 07 11 15 18,05 12,"325,477,040",
14042,2014-04-14,16 21 25 27 35,06 11,"319,726,297",
14043,2014-04-16,01 11 23 29 30,01 12,"347,321,907",
14044,2014-04-19,22 23 25 27 35,03 11,"358,093,528",
14045,2014-04-21,06 10 12 16 30,02 11,"376,989,546",
14046,2014-04-23,03 15 18 21 26,01 06,"387,964,150",
14047,2014-04-26,06 17 18 30 34,06 12,"404,566,567",
14048,2014-04-28,01 02 05 15 35,01 11,"410,032,886",
14049,2014-04-30,03 15 17 22 31,03 05,"427,750,617",
14050,2014-05-03,10 18 27 28 35,01 06,"449,771,795",
14051,2014-05-05,01 07 11 29 30,03 11,"426,593,556",
14052,2014-05-07,14 19 21 24 30,02 07,"448,239,242",
14053,2014-05-10,02 11 17 27 30,03 04,"465,963,587",
14054,2014-05-12,02 03 20 25 34,01 12,"479,762,955",
14055,2014-05-14,04 23 26 27 35,10 11,"497,660,787",
14056,2014-05-17,12 18 28 29 35,07 08,"518,055,775",
14057,2014-05-19,08 10 20 27 33,01 09,"513,584,094",
14058,2014-05-21,09 15 22 24 26,02 07,"514,062,616",
14059,2014-05-24,07 15 17 25 29,04 11,"499,050,363",
14060,2014-05-26,12 22 29 30 34,05 11,"508,335,617",
14061,2014-05-28,04 11 17 20 29,06 10,"530,528,894",
14062,2014-05-31,04 07 17 24 25,02 04,"576,508,734",
14063,2014-06-02,11 17 21 23 34,03 04,"603,289,864",
14064,2014-06-04,08 15 33 34 35,01 08,"605,400,258",
14065,2014-06-07,07 12 19 31 33,07 12,"593,113,888",
14066,2014-06-09,08 14 16 20 31,03 11,"609,851,883",
14067,2014-06-11,03 18 23 24 31,03 07,"642,565,242",
14068,2014-06-14,05 15 24 29 35,05 06,"648,506,595",
14069,2014-06-16,16 22 27 29 31,02 09,"658,384,418",
14070,2014-06-18,01 02 07 10 32,04 12,"669,821,040",
14071,2014-06-21,04 14 15 22 23,01 07,"696,804,568",
14072,2014-06-23,17 19 22 24 30,02 09,"727,466,021",
14073,2014-06-25,04 05 07 13 35,05 06,"729,295,547",
14074,2014-06-28,06 11 22 27 30,05 11,"750,501,664",
14075,2014-06-30,05 07 29 32 35,04 10,"729,191,341",
14076,2014-07-02,05 10 19 31 32,09 10,"760,644,298",
14077,2014-07-05,09 16 26 31 32,01 05,"765,404,764",
14078,2014-07-07,10 15 16 22 28,04 05,"778,417,883",
14079,2014-07-09,09 10 20 31 32,06 10,"783,615,300",
14080,2014-07-12,17 20 23 25 27,03 10,"792,428,610",
14081,2014-07-14,03 05 08 10 25,09 12,"830,154,471",
14082,2014-07-16,01 08 18 23 25,08 12,"872,216,864",
14083,2014-07-19,18 20 24 33 35,05 10,"892,251,472",
14084,2014-07-21,02 07 09 11 28,05 09,"875,765,643",
14085,2014-07-23,06 12 13 25 29,11 12,"879,455,090",
14086,2014-07-26,06 08 27 29 35,03 09,"886,731,623",
14087,2014-07-28,04 07 31 33 35,09 10,"916,892,029",
14088,2014-07-30,07 13 20 25 26,08 11,"929,910,085",
14089,2014-08-02,02 08 12 29 30,07 12,"897,430,770",
14090,2014-08-04,02 03 20 23 28,06 08,"439,724,222",
14091,2014-08-06,10 16 18 29 32,02 07,"466,511,258",
14092,2014-08-09,02 18 27 30 32,05 11,"498,422,452",
14093,2014-08-11,03 08 30 32 34,09 11,"538,115,272",
14094,2014-08-13,13 14 24 25 34,04 07,"510,765,155",
14095,2014-08-16,06 22 30 31 34,05 06,"508,319,326",
14096,2014-08-18,03 07 21 23 31,05 10,"476,575,124",
14097,2014-08-20,03 15 20 21 23,07 09,"508,112,843",
14098,2014-08-23,16 18 22 25 35,03 10,"529,856,031",
14099,2014-08-25,15 21 22 23 33,01 07,"541,306,441",
14100,2014-08-27,02 04 08 12 35,01 07,"559,791,030",
14101,2014-08-30,09 10 12 17 28,03 11,"595,465,040",
14102,2014-09-01,01 07 14 19 20,03 12,"596,966,907",
14103,2014-09-03,14 20 23 25 26,10 12,"626,567,022",
14104,2014-09-06,07 13 14 28 32,04 11,"621,617,813",
14105,2014-09-08,04 10 26 29 32,04 08,"634,577,614",
14106,2014-09-10,05 09 11 20 22,05 11,"657,364,184",
14107,2014-09-13,05 13 14 21 34,08 10,"691,019,481",
14108,2014-09-15,01 02 13 23 35,09 12,"709,422,417",
14109,2014-09-17,15 18 20 21 23,01 02,"707,079,547",
14110,2014-09-20,09 18 19 22 24,08 11,"729,018,439",
14111,2014-09-22,11 16 18 20 29,03 04,"766,059,220",
14112,2014-09-24,03 05 14 18 32,02 10,"778,946,120",
14113,2014-09-27,02 13 17 19 23,01 06,"770,352,154",
14114,2014-09-29,03 16 24 30 33,05 08,"759,165,112",
14115,2014-10-01,01 05 26 29 30,02 10,"770,028,734",
14116,2014-10-04,06 13 15 24 27,04 05,"797,914,592",
14117,2014-10-06,03 14 17 18 33,06 09,"806,936,584",
14118,2014-10-08,02 03 23 24 26,05 11,"848,491,203",
14119,2014-10-11,04 08 09 13 18,08 12,"876,616,071",
14120,2014-10-13,01 04 06 18 33,05 11,"901,617,720",
14121,2014-10-15,13 16 18 22 32,08 10,"903,584,105",
14122,2014-10-18,03 10 25 26 35,01 07,"922,321,109",
14123,2014-10-20,01 09 12 22 25,02 09,"926,243,050",
14124,2014-10-22,01 03 28 29 35,08 12,"926,501,357",
14125,2014-10-25,12 15 19 23 31,04 10,"941,910,615",
14126,2014-10-27,02 09 22 30 34,09 10,"973,284,763",
14127,2014-10-29,02 04 06 15 19,02 11,"980,248,197",
14128,2014-11-01,02 04 16 22 34,08 11,"1,012,105,455",
14129,2014-11-03,07 22 28 30 32,05 06,"1,043,803,747",
14130,2014-11-05,02 18 31 32 33,05 07,"1,047,946,346",
14131,2014-11-08,03 16 19 23 27,03 07,"1,070,373,608",
14132,2014-11-10,01 03 04 19 32,01 07,"1,103,993,932",
14133,2014-11-12,02 08 12 14 18,04 12,"1,125,548,895",
14134,2014-11-15,02 05 07 11 32,09 12,"1,157,903,994",
14135,2014-11-17,20 26 28 30 35,09 12,"1,191,956,659",
14136,2014-11-19,04 18 20 34 35,07 11,"1,154,305,279",
14137,2014-11-22,02 11 16 22 34,02 05,"1,178,643,374",
14138,2014-11-24,01 07 29 32 34,09 12,"1,185,612,824",
14139,2014-11-26,03 05 07 15 34,01 10,"1,200,995,750",
14140,2014-11-29,01 19 20 25 34,07 12,"1,251,566,141",
14141,2014-12-01,04 17 20 26 29,05 08,"1,244,535,901",
14142,2014-12-03,18 21 25 28 30,04 06,"1,213,685,929",
14143,2014-12-06,01 11 14 18 25,06 10,"1,241,070,437",
14144,2014-12-08,01 21 24 25 35,04 11,"1,290,463,839",
14145,2014-12-10,15 19 22 24 26,10 11,"1,321,185,915",
14146,2014-12-13,02 16 23 24 28,10 11,"1,361,277,737",
14147,2014-12-15,05 09 14 26 34,02 09,"1,324,845,582",
14148,2014-12-17,03 09 10 11 20,07 09,"1,326,828,262",
14149,2014-12-20,02 13 19 26 35,01 05,"1,234,346,541",
14150,2014-12-22,19 21 30 33 35,05 07,"1,211,404,301",
14151,2014-12-24,03 08 26 31 32,08 12,"1,192,625,943",
14152,2014-12-27,05 12 18 24 33,01 05,"1,211,422,140",
14153,2014-12-29,01 08 13 24 32,05 10,"1,212,140,454",
14154,2014-12-31,05 12 17 23 28,02 09,"1,135,404,076",
15001,2015-01-03,08 09 19 27 30,06 07,"1,084,864,825",
15002,2015-01-05,03 14 20 26 32,06 10,"1,092,064,321",
15003,2015-01-07,12 19 27 28 34,01 12,"1,058,932,056",
15004,2015-01-10,03 12 14 18 28,05 06,"1,063,303,937",
15005,2015-01-12,11 14 15 18 19,07 08,"1,056,022,676",
15006,2015-01-14,06 08 30 32 33,03 07,"1,061,791,325",
15007,2015-01-17,02 07 08 14 31,04 08,"1,084,804,698",
15008,2015-01-19,07 10 11 15 17,03 10,"838,917,495",
15009,2015-01-21,17 22 26 27 33,06 10,"885,966,276",
15010,2015-01-24,02 06 17 30 35,02 07,"922,553,782",
15011,2015-01-26,04 13 22 25 30,01 06,"867,227,273",
15012,2015-01-28,03 04 06 11 31,05 09,"877,629,027",
15013,2015-01-31,11 15 25 28 35,07 10,"922,796,421",
15014,2015-02-02,08 16 25 29 35,03 10,"934,144,755",
15015,2015-02-04,01 05 13 17 32,04 11,"901,055,602",
15016,2015-02-07,06 07 16 20 34,09 11,"949,403,008",
15017,2015-02-09,07 13 16 17 29,01 07,"980,636,543",
15018,2015-02-11,04 07 10 23 31,03 07,"1,013,044,052",
15019,2015-02-14,02 08 16 22 24,01 03,"1,056,985,003",
15020,2015-02-16,11 26 28 29 32,01 04,"975,106,845",
15021,2015-02-25,22 23 24 26 31,05 06,"1,011,148,456",
15022,2015-02-28,09 11 14 15 26,11 12,"1,052,353,522",
15023,2015-03-02,06 09 11 12 22,03 11,"1,075,234,387",
15024,2015-03-04,02 06 08 16 34,03 04,"1,110,363,550",
15025,2015-03-07,07 10 20 22 27,10 11,"1,127,093,621",
15026,2015-03-09,11 13 14 15 22,02 08,"1,108,175,348",
15027,2015-03-11,05 21 22 25 28,03 10,"1,132,469,279",
15028,2015-03-14,03 09 28 32 33,09 10,"1,125,436,730",
15029,2015-03-16,07 10 19 30 35,03 05,"1,156,201,713",
15030,2015-03-18,09 18 19 26 31,02 05,"1,177,191,244",
15031,2015-03-21,07 21 29 32 33,04 12,"1,185,204,347",
15032,2015-03-23,06 21 25 27 30,07 11,"1,196,045,799",
15033,2015-03-25,03 17 22 26 28,03 07,"1,226,652,726",
15034,2015-03-28,04 08 15 18 26,05 09,"1,218,836,194",
15035,2015-03-30,22 24 29 30 35,01 10,"1,230,022,010",
15036,2015-04-01,14 18 20 23 24,04 08,"1,251,569,256",
15037,2015-04-04,10 16 21 28 31,07 08,"1,266,667,677",
15038,2015-04-06,12 19 22 31 35,07 08,"1,275,685,338",
15039,2015-04-08,03 06 07 16 25,01 06,"1,310,555,606",
15040,2015-04-11,02 09 10 23 35,09 12,"1,338,069,698",
15041,2015-04-13,01 11 21 23 28,01 10,"1,189,775,444",
15042,2015-04-15,03 07 12 17 24,02 11,"1,178,648,370",
15043,2015-04-18,02 20 22 25 29,02 07,"1,201,450,734",
15044,2015-04-20,16 18 27 31 33,01 03,"1,236,933,448",
15045,2015-04-22,08 09 22 29 30,08 12,"1,236,261,155",
15046,2015-04-25,05 07 10 22 26,04 10,"1,197,238,200",
15047,2015-04-27,01 02 17 23 31,05 12,"1,209,162,913",
15048,2015-04-29,10 11 22 24 33,02 09,"1,201,607,522",
15049,2015-05-02,08 09 11 15 22,08 10,"1,215,002,201",
15050,2015-05-04,06 07 10 20 28,02 07,"1,214,317,771",
15051,2015-05-06,01 02 11 16 21,01 05,"1,237,114,602",
15052,2015-05-09,13 19 24 27 29,07 08,"1,265,334,320",
15053,2015-05-11,08 25 28 29 32,04 07,"1,268,085,740",
15054,2015-05-13,02 09 15 24 34,03 09,"1,245,292,482",
15055,2015-05-16,06 11 14 20 30,05 10,"1,210,286,220",
15056,2015-05-18,06 12 19 26 35,03 10,"1,203,143,440",
15057,2015-05-20,01 05 07 14 26,04 06,"1,239,297,755",
15058,2015-05-23,10 14 20 27 30,07 12,"1,272,415,378",
15059,2015-05-25,07 09 19 23 32,01 03,"1,297,185,227",
15060,2015-05-27,16 24 25 26 33,04 11,"1,281,829,945",
15061,2015-05-30,06 07 08 16 22,02 10,"1,275,356,607",
15062,2015-06-01,06 07 13 14 15,01 04,"1,309,316,213",
15063,2015-06-03,01 04 06 34 35,02 04,"1,355,424,220",
15064,2015-06-06,02 08 20 28 31,07 10,"1,358,857,647",
15065,2015-06-08,04 05 07 13 35,08 11,"1,371,749,617",
15066,2015-06-10,01 03 07 13 29,02 10,"1,407,746,553",
15067,2015-06-13,04 10 18 24 27,04 11,"1,393,017,834",
15068,2015-06-15,02 03 20 31 35,04 08,"1,402,288,984",
15069,2015-06-17,02 09 11 22 25,01 07,"1,381,432,966",
15070,2015-06-20,03 09 12 17 18,04 12,"1,414,660,916",
15071,2015-06-22,04 06 13 16 34,04 10,"1,431,495,361",
15072,2015-06-24,19 20 21 31 33,09 10,"1,329,421,453",
15073,2015-06-27,09 26 27 30 34,01 06,"1,328,502,863",
15074,2015-06-29,01 12 21 27 33,04 09,"1,369,791,223",
15075,2015-07-01,13 14 26 27 33,10 12,"1,400,549,959",
15076,2015-07-04,03 19 21 31 34,05 12,"1,407,154,321",
15077,2015-07-06,01 16 17 22 28,02 09,"1,410,707,518",
15078,2015-07-08,19 24 26 28 33,01 02,"1,439,120,707",
15079,2015-07-11,01 09 17 23 24,04 05,"1,449,582,407",
15080,2015-07-13,14 20 29 30 32,03 08,"1,350,821,094",
15081,2015-07-15,03 04 10 13 17,05 09,"1,354,908,004",
15082,2015-07-18,08 15 28 31 33,03 06,"1,386,721,781",
15083,2015-07-20,14 16 19 25 29,10 12,"1,413,999,921",
15084,2015-07-22,10 20 21 32 34,06 07,"1,426,556,903",
15085,2015-07-25,02 03 04 06 16,03 12,"1,461,889,590",
15086,2015-07-27,05 09 11 15 32,04 09,"1,464,467,336",
15087,2015-07-29,02 05 15 17 22,01 11,"1,470,621,295",
15088,2015-08-01,05 15 28 31 34,11 12,"1,483,412,687",
15089,2015-08-03,05 12 18 20 27,10 12,"1,518,071,721",
15090,2015-08-05,06 09 11 17 21,06 08,"1,512,866,237",
15091,2015-08-08,02 07 28 29 30,03 07,"1,443,881,668",
15092,2015-08-10,02 14 21 27 34,05 08,"1,451,533,975",
15093,2015-08-12,16 17 25 26 27,02 04,"1,451,063,553",
15094,2015-08-15,02 03 10 11 29,03 07,"1,435,245,222",
15095,2015-08-17,08 14 26 34 35,05 10,"1,440,739,717",
15096,2015-08-19,03 09 12 18 21,02 06,"1,435,883,288",
15097,2015-08-22,04 16 17 26 27,01 04,"1,385,860,648",
15098,2015-08-24,09 14 21 27 33,06 09,"1,376,083,288",
15099,2015-08-26,09 12 14 22 25,05 10,"1,401,717,848",
15100,2015-08-29,09 15 18 23 32,05 07,"1,439,790,281",
15101,2015-08-31,06 12 17 18 32,07 12,"1,449,994,950",
15102,2015-09-02,11 14 15 33 34,03 12,"1,459,255,310",
15103,2015-09-05,07 09 15 25 34,04 10,"1,455,105,281",
15104,2015-09-07,16 19 25 30 34,04 09,"1,456,310,407",
15105,2015-09-09,08 09 15 21 27,05 09,"1,420,929,062",
15106,2015-09-12,02 11 13 22 30,02 03,"1,430,870,722",
15107,2015-09-14,03 23 25 28 29,06 07,"1,433,360,911",
15108,2015-09-16,01 13 16 26 31,07 12,"1,462,391,575",
15109,2015-09-19,01 06 11 22 31,03 12,"1,495,720,964",
15110,2015-09-21,02 07 10 22 30,07 11,"1,495,014,019",
15111,2015-09-23,07 08 16 24 28,03 10,"1,508,880,896",
15112,2015-09-26,04 05 15 19 28,04 11,"1,466,183,380",
15113,2015-09-28,01 14 21 29 33,02 10,"1,491,364,543",
15114,2015-09-30,09 18 24 31 34,02 10,"1,512,320,825",
15115,2015-10-03,08 12 13 14 16,03 09,"1,524,904,832",
15116,2015-10-05,07 10 19 24 33,03 07,"1,546,620,811",
15117,2015-10-07,06 17 20 30 33,10 11,"1,571,949,674",
15118,2015-10-10,03 07 20 24 31,04 09,"1,598,506,448",
15119,2015-10-12,01 08 12 16 21,06 11,"1,612,482,645",
15120,2015-10-14,01 09 15 24 32,05 10,"1,542,943,366",
15121,2015-10-17,02 04 17 27 28,04 06,"1,574,025,843",
15122,2015-10-19,11 13 15 26 35,06 11,"1,598,150,469",
15123,2015-10-21,04 15 27 29 30,02 10,"1,617,571,033",
15124,2015-10-24,04 06 12 31 32,03 06,"1,644,462,021",
15125,2015-10-26,02 03 15 17 28,08 10,"1,676,808,840",
15126,2015-10-28,04 05 08 09 21,03 06,"1,688,575,292",
15127,2015-10-31,09 11 14 19 30,03 08,"1,707,307,787",
15128,2015-11-02,10 12 23 30 32,03 04,"1,745,843,042",
15129,2015-11-04,01 06 23 25 29,03 09,"1,787,749,312",
15130,2015-11-07,17 25 31 32 34,02 12,"1,829,288,227",
15131,2015-11-09,11 17 19 20 27,02 03,"1,859,845,621",
15132,2015-11-11,03 08 14 18 27,01 05,"1,847,218,046",
15133,2015-11-14,03 07 08 25 30,04 08,"1,864,412,215",
15134,2015-11-16,01 02 06 15 35,04 07,"1,888,647,564",
15135,2015-11-18,05 16 20 25 29,06 08,"1,885,887,140",
15136,2015-11-21,05 20 23 29 32,02 10,"1,931,606,870",
15137,2015-11-23,14 17 21 23 26,08 11,"1,912,625,918",
15138,2015-11-25,01 16 20 29 32,04 07,"1,943,530,802",
15139,2015-11-28,02 03 05 25 32,05 07,"1,947,298,377",
15140,2015-11-30,01 11 15 26 35,06 11,"1,964,244,295",
15141,2015-12-02,02 04 15 19 31,02 03,"1,982,691,329",
15142,2015-12-05,12 14 22 26 30,03 06,"2,006,518,972",
15143,2015-12-07,09 20 31 33 35,10 11,"2,047,286,906",
15144,2015-12-09,01 09 24 26 29,06 11,"2,031,681,187",
15145,2015-12-12,06 07 20 29 32,11 12,"2,075,176,701",
15146,2015-12-14,04 15 19 27 31,04 11,"2,058,880,835",
15147,2015-12-16,01 02 13 18 19,08 10,"2,094,531,807",
15148,2015-12-19,08 11 27 31 33,08 09,"2,090,620,190",
15149,2015-12-21,04 06 10 12 28,02 08,"2,120,052,540",
15150,2015-12-23,04 13 18 25 33,03 07,"2,118,309,429",
15151,2015-12-26,15 16 18 30 35,01 07,"2,137,475,851",
15152,2015-12-28,04 05 22 29 35,02 11,0,
15153,2015-12-30,01 07 22 27 33,02 11,0,
16001,2016-01-02,01 07 19 20 30,05 10,0,
16002,2016-01-04,07 12 18 25 35,07 09,0,
16003,2016-01-06,04 12 17 22 26,06 07,0,
16004,2016-01-09,10 20 23 32 35,09 10,0,
16005,2016-01-11,06 09 12 15 20,08 11,0,
16006,2016-01-13,14 16 17 22 24,02 09,0,
16007,2016-01-16,02 05 14 32 35,01 03,0,
16008,2016-01-18,05 12 31 34 35,04 05,0,
16009,2016-01-20,05 08 10 17 20,02 12,0,
16010,2016-01-23,12 13 15 16 28,02 05,0,
16011,2016-01-25,02 08 10 15 23,05 10,0,
16012,2016-01-27,05 07 11 23 28,03 12,0,
16013,2016-01-30,03 21 23 31 35,02 11,0,
16014,2016-02-01,06 08 21 24 27,02 10,0,
16015,2016-02-03,01 04 10 13 30,03 09,0,
16016,2016-02-06,03 10 22 29 32,02 05,0,
16017,2016-02-15,11 18 24 28 29,05 10,0,
16018,2016-02-17,05 10 13 27 33,08 11,0,
16019,2016-02-20,04 11 15 20 26,08 09,0,
16020,2016-02-22,01 16 22 29 30,02 09,0,
16021,2016-02-24,01 04 09 10 35,09 11,0,
16022,2016-02-27,04 18 21 30 35,02 11,0,
16023,2016-02-29,04 09 14 25 27,06 11,0,
16024,2016-03-02,01 02 11 15 18,04 08,0,
16025,2016-03-05,03 06 13 23 24,07 10,0,
16026,2016-03-07,02 06 29 30 34,01 07,0,
16027,2016-03-09,06 11 13 15 28,02 06,0,
16028,2016-03-12,13 18 20 23 31,03 06,0,
16029,2016-03-14,20 26 27 29 32,05 12,0,
16030,2016-03-16,10 19 21 29 33,04 06,0,
16031,2016-03-19,03 14 24 27 29,04 11,0,
16032,2016-03-21,05 09 14 20 33,05 12,0,
16033,2016-03-23,03 14 15 31 35,09 10,0,
16034,2016-03-26,14 18 31 32 35,09 10,0,
16035,2016-03-28,17 22 24 25 29,09 12,0,
16036,2016-03-30,07 15 26 30 31,03 06,0,
16037,2016-04-02,03 05 13 24 34,03 05,0,
16038,2016-04-04,03 07 09 15 33,05 12,0,
16039,2016-04-06,01 08 16 22 28,04 05,0,
16040,2016-04-09,20 22 29 30 35,01 06,0,
16041,2016-04-11,12 23 24 27 34,03 06,0,
16042,2016-04-13,02 06 08 19 24,01 06,0,
16043,2016-04-16,01 09 16 33 34,09 12,0,
16044,2016-04-18,01 06 10 20 31,05 11,0,
16045,2016-04-20,07 11 25 30 33,02 08,0,
16046,2016-04-23,03 19 22 32 34,08 12,0,
16047,2016-04-25,02 03 23 29 32,05 09,0,
16048,2016-04-27,04 12 17 25 27,04 10,0,
16049,2016-04-30,03 04 05 27 33,04 09,0,
16050,2016-05-02,07 17 21 29 35,04 05,0,
16051,2016-05-04,16 21 23 24 32,07 08,0,
16052,2016-05-07,08 14 19 20 33,10 11,0,
16053,2016-05-09,04 13 15 30 35,03 05,0,
16054,2016-05-11,02 05 09 21 30,06 07,0,
16055,2016-05-14,06 21 27 30 34,04 09,0,
16056,2016-05-16,10 12 14 31 35,04 05,0,
16057,2016-05-18,08 17 19 23 30,03 08,0,
16058,2016-05-21,02 15 17 23 28,05 09,0,
16059,2016-05-23,02 10 27 28 33,05 07,0,
16060,2016-05-25,02 06 22 27 34,08 11,0,
16061,2016-05-28,09 15 17 21 23,07 12,0,
16062,2016-05-30,02 10 14 15 35,01 09,0,
16063,2016-06-01,08 12 22 27 35,05 09,0,
16064,2016-06-04,01 02 10 18 35,05 11,0,
16065,2016-06-06,01 09 18 22 24,11 12,0,
16066,2016-06-08,10 28 29 31 33,05 11,0,
16067,2016-06-11,02 08 11 13 19,02 08,0,
16068,2016-06-13,05 07 22 26 34,07 12,0,
16069,2016-06-15,14 17 19 23 30,02 09,0,
16070,2016-06-18,02 09 13 19 23,05 07,0,
16071,2016-06-20,08 15 19 20 33,07 12,0,
16072,2016-06-22,16 20 24 26 31,04 09,0,
16073,2016-06-25,07 14 17 24 27,08 10,0,
16074,2016-06-27,01 05 07 11 14,03 08,0,
16075,2016-06-29,03 07 17 22 31,08 12,0,
16076,2016-07-02,03 08 10 17 31,05 06,0,
16077,2016-07-04,09 11 14 16 35,02 05,0,
16078,2016-07-06,07 18 29 31 35,05 11,"3,316,339,129.30","176,031,216"
16079,2016-07-09,07 14 15 20 27,05 10,"3,335,784,172.26","192,640,889"
16080,2016-07-11,15 20 29 30 33,07 12,"3,336,763,346","173,241,722"
16081,2016-07-13,06 07 18 21 33,03 08,"3,364,881,401.67","171,324,058"
16082,2016-07-16,03 08 23 28 29,02 07,"3,354,316,977.49","189,939,641"
16083,2016-07-18,01 05 09 33 35,01 05,"3,337,317,109.38","172,863,465"
16084,2016-07-20,08 12 15 26 35,01 08,"3,379,034,576.21","168,397,590"
16085,2016-07-23,14 15 27 31 32,01 07,"3,154,382,762.05","188,292,705"
16086,2016-07-25,03 05 22 25 30,07 09,"3,165,240,870.86","170,252,092"
16087,2016-07-27,03 16 17 23 25,07 09,"3,178,408,229.18","173,941,407"
16088,2016-07-30,04 06 17 21 30,06 11,"3,206,441,463.20","191,906,681"
16089,2016-08-01,07 14 17 28 34,07 10,"3,245,924,700.07","173,986,818"
16090,2016-08-03,04 06 08 28 32,07 12,"3,277,357,768.85","177,705,779"
16091,2016-08-06,08 13 17 21 22,02 08,"3,290,154,296.34","194,108,585"
16092,2016-08-08,02 13 31 33 34,07 11,"3,311,199,962.86","175,425,164"
16093,2016-08-10,01 08 14 30 35,06 07,"3,305,502,727.35","174,774,485"
16094,2016-08-13,01 14 16 17 18,05 07,"3,293,149,626.85","193,668,600"
16095,2016-08-15,08 12 18 19 21,03 06,"3,296,613,494.39","172,149,445"
16096,2016-08-17,01 06 08 12 21,05 10,"3,279,830,818.81","176,201,944"
16097,2016-08-20,06 08 18 31 33,10 12,"3,318,516,210.70","194,470,665"
16098,2016-08-22,08 09 11 20 29,04 05,"3,309,928,561.74","174,126,611"
16099,2016-08-24,03 04 12 14 27,01 05,"3,337,125,371.10","176,499,869"
16100,2016-08-27,08 12 19 26 30,02 12,"3,372,470,173.04","194,558,808"
16101,2016-08-29,04 06 28 33 35,07 12,"3,405,154,941.26","176,690,621"
16102,2016-08-31,03 05 06 34 35,03 12,"3,449,353,717.99","177,794,219"
16103,2016-09-03,05 14 20 23 29,03 11,"3,461,843,842.38","196,977,631"
16104,2016-09-05,01 20 22 23 30,06 07,"3,475,855,899.77","176,312,231"
16105,2016-09-07,08 11 31 34 35,01 02,"3,509,923,337.40","175,645,150"
16106,2016-09-10,03 21 30 33 35,01 04,"3,493,879,603.26","191,510,252"
16107,2016-09-12,02 06 19 24 26,04 06,"3,462,561,196.64","174,509,999"
16108,2016-09-14,10 17 22 23 25,07 09,"3,437,657,318.35","173,106,306"
16109,2016-09-17,03 25 28 31 34,11 12,"3,466,514,047.74","193,626,665"
16110,2016-09-19,07 20 21 23 30,07 10,"3,442,910,758.46","179,311,987"
16111,2016-09-21,04 09 22 26 27,02 12,"3,467,679,525.40","181,731,808"
16112,2016-09-24,07 22 23 31 32,04 05,"3,502,750,201.33","199,351,193"
16113,2016-09-26,10 11 17 30 34,03 12,"3,515,191,923.33","177,637,883"
16114,2016-09-28,16 17 20 32 33,03 07,"3,502,839,877.72","173,340,048"
16115,2016-10-01,01 04 15 31 34,02 11,"3,547,923,720.07","188,778,020"
16116,2016-10-03,04 06 08 19 34,10 12,"3,566,017,216.24","157,717,027"
16117,2016-10-05,03 09 14 16 23,02 09,"3,557,096,623.84","159,626,154"
16118,2016-10-08,12 15 18 24 29,03 11,"3,571,935,089.08","195,629,351"
16119,2016-10-10,02 03 09 21 22,05 10,"3,569,855,994.48","175,765,163"
16120,2016-10-12,03 10 20 32 34,04 07,"3,565,337,019.44","177,521,772"
16121,2016-10-15,04 05 08 15 20,01 06,"3,559,509,834.29","196,550,154"
16122,2016-10-17,01 03 12 14 29,02 06,"3,603,748,957.96","178,700,027"
16123,2016-10-19,04 05 13 20 32,01 10,"3,651,778,795.10","179,976,965"
16124,2016-10-22,04 13 24 26 29,08 11,"3,693,174,707.28","191,410,193"
16125,2016-10-24,06 07 08 28 30,01 02,"3,727,254,222.34","179,128,075"
16126,2016-10-26,11 13 16 19 24,06 08,"3,727,343,868.72","176,733,833"
16127,2016-10-29,01 05 15 24 26,09 10,"3,747,064,984.52","192,473,077"
16128,2016-10-31,17 20 22 30 33,07 08,"3,742,471,490.10","178,307,590"
16129,2016-11-02,07 08 19 30 35,08 09,"3,745,975,912.37","180,262,598"
16130,2016-11-05,11 23 32 33 34,01 12,"3,722,891,036.08","200,057,806"
16131,2016-11-07,06 13 25 28 30,02 07,"3,705,987,913.84","172,418,049"
16132,2016-11-09,04 18 19 22 35,01 02,"3,726,472,243.16","180,524,624"
16133,2016-11-12,01 04 05 23 28,05 09,"3,724,999,633.06","203,224,114"
16134,2016-11-14,01 03 31 32 34,02 07,"3,741,306,383.48","185,722,161"
16135,2016-11-16,01 10 12 18 35,01 12,"3,770,081,323.99","187,947,049"
16136,2016-11-19,05 06 07 19 23,04 11,"3,791,740,200.73","204,254,202"
16137,2016-11-21,07 20 23 29 34,02 10,"3,807,220,445.90","181,006,344"
16138,2016-11-23,12 13 16 29 35,05 11,"3,826,489,199.90","179,140,283"
16139,2016-11-26,13 21 30 31 35,01 08,"3,864,958,511.07","200,772,078"
16140,2016-11-28,12 16 23 29 34,04 11,"3,845,393,921.81","188,081,802"
16141,2016-11-30,02 06 07 19 28,11 12,"3,857,570,669.90","193,465,971"
16142,2016-12-03,01 06 17 23 26,06 12,"3,899,078,594.62","208,883,904"
16143,2016-12-05,04 06 22 27 31,06 07,"3,904,182,884.57","188,839,857"
16144,2016-12-07,04 05 13 22 31,05 10,"3,914,443,711.99","191,810,527"
16145,2016-12-10,01 09 11 17 28,03 08,"3,913,126,519.29","209,502,660"
16146,2016-12-12,21 22 25 29 34,01 11,"3,915,756,735.85","191,944,792"
16147,2016-12-14,07 19 20 28 30,04 12,"3,791,177,687.77","186,538,144"
16148,2016-12-17,05 14 15 23 25,06 08,"3,806,985,330.35","210,580,973"
16149,2016-12-19,01 02 03 12 33,04 09,"3,816,313,703.68","189,963,373"
16150,2016-12-21,01 10 18 24 29,07 10,"3,229,738,187.76","188,065,956"
16151,2016-12-24,04 07 11 14 21,05 12,"3,219,661,079.76","219,111,783"
16152,2016-12-26,08 17 22 24 30,05 11,"3,224,085,510.27","194,727,932"
16153,2016-12-28,13 18 25 29 35,03 11,"3,271,932,474.53","196,228,015"
16154,2016-12-31,06 16 17 21 29,04 06,"3,235,556,086.60","226,398,958"
17001,2017-01-02,07 09 20 31 33,08 10,"3,214,884,037.20","186,624,920"
17002,2017-01-04,07 12 14 31 34,09 11,"3,252,308,112.02","192,781,724"
17003,2017-01-07,03 05 06 13 22,09 12,"3,270,524,644.52","206,276,983"
17004,2017-01-09,05 08 11 28 31,06 07,"3,269,100,289.67","186,673,580"
17005,2017-01-11,05 09 20 26 35,02 11,"3,313,392,877.03","188,095,935"
17006,2017-01-14,04 06 23 32 33,05 06,"3,269,026,898.62","206,891,305"
17007,2017-01-16,08 11 17 25 27,02 04,"3,283,292,218.98","185,767,086"
17008,2017-01-18,03 04 09 25 32,02 04,"3,299,550,616.02","184,148,162"
17009,2017-01-21,05 06 08 12 22,03 04,"3,334,512,408.50","203,513,636"
17010,2017-01-23,04 10 13 18 35,01 02,"3,305,544,582.53","185,249,696"
17011,2017-01-25,05 15 21 29 34,06 09,"3,296,873,997.29","193,935,932"
17012,2017-02-04,04 05 24 26 35,07 12,"3,309,200,241.64","199,177,937"
17013,2017-02-06,05 12 17 30 34,11 12,"3,335,198,533.34","176,214,923"
17014,2017-02-08,04 08 15 24 25,02 05,"3,358,297,383.31","173,798,704"
17015,2017-02-11,01 07 19 27 34,01 02,"3,373,917,243.82","196,382,532"
17016,2017-02-13,03 13 28 30 33,09 10,"3,382,818,218.33","181,455,349"
17017,2017-02-15,04 19 24 26 29,04 06,"3,392,699,037.94","182,067,186"
17018,2017-02-18,06 07 10 17 23,01 09,"3,418,876,151.69","200,875,000"
17019,2017-02-20,02 06 14 23 25,02 10,"3,371,542,925.43","182,158,151"
17020,2017-02-22,16 21 24 27 28,04 07,"3,350,612,688.41","181,168,570"
17021,2017-02-25,01 15 17 20 26,06 08,"3,379,016,481.23","201,103,341"
17022,2017-02-27,02 03 09 17 24,06 12,"3,427,151,759.95","188,485,187"
17023,2017-03-01,05 08 12 24 34,07 10,"3,455,027,875.25","183,366,943"
17024,2017-03-04,21 23 29 32 35,11 12,"3,471,058,022.64","206,593,265"
17025,2017-03-06,10 16 19 20 34,04 05,"3,479,144,224.54","183,593,080"
17026,2017-03-08,10 14 19 25 32,02 07,"3,483,244,837.80","186,355,566"
17027,2017-03-11,08 17 25 33 34,03 11,"3,480,957,577.96","206,383,912"
17028,2017-03-13,06 18 22 23 33,09 11,"3,490,596,212.93","185,993,221"
17029,2017-03-15,01 06 14 17 29,01 11,"3,541,799,422.06","189,003,450"
17030,2017-03-18,21 22 24 29 34,05 06,"3,590,538,407.36","203,209,977"
17031,2017-03-20,02 16 17 30 32,02 09,"3,582,956,408.23","185,528,267"
17032,2017-03-22,02 13 14 18 29,03 09,"3,612,033,002","190,004,398"
17033,2017-03-25,15 22 23 25 34,05 11,"3,638,317,243.04","206,676,911"
17034,2017-03-27,06 12 21 26 29,02 11,"3,657,628,827.88","188,394,105"
17035,2017-03-29,14 17 22 30 33,07 12,"3,606,190,192.77","191,121,882"
17036,2017-04-01,01 04 09 18 33,02 05,"3,638,673,625.87","207,193,403"
17037,2017-04-03,13 15 16 32 34,06 11,"3,676,610,111.55","172,182,359"
17038,2017-04-05,04 05 13 18 27,03 09,"3,670,337,332.79","183,323,685"
17039,2017-04-08,05 06 14 17 26,03 08,"3,696,565,737.78","202,116,551"
17040,2017-04-10,04 06 10 23 29,09 11,"3,682,847,590.96","183,016,793"
17041,2017-04-12,02 04 06 25 31,05 09,"3,696,768,216.19","187,473,970"
17042,2017-04-15,02 17 31 33 34,01 07,"3,699,831,558.03","202,920,322"
17043,2017-04-17,06 13 22 25 35,09 12,"3,726,032,789.43","189,775,514"
17044,2017-04-19,11 16 17 18 25,02 09,"3,753,218,411.79","219,158,986"
17045,2017-04-22,01 08 11 21 35,09 12,"3,791,214,185.74","236,182,140"
17046,2017-04-24,04 17 20 23 30,02 03,"3,769,992,914.65","214,822,695"
17047,2017-04-26,15 19 32 33 34,09 12,"3,664,460,457.45","216,534,177"
17048,2017-04-29,07 09 13 15 19,03 10,"3,661,625,450.23","233,285,579"
17049,2017-05-01,09 12 14 22 31,05 08,"3,606,049,646.07","202,400,371"
17050,2017-05-03,12 14 17 20 28,02 06,"3,589,897,237.21","218,534,565"
17051,2017-05-06,14 17 18 22 29,10 11,"3,636,318,978.81","241,560,120"
17052,2017-05-08,03 19 24 28 33,04 12,"3,631,157,292.95","218,340,582"
17053,2017-05-10,06 19 20 22 26,01 11,"3,625,148,136.15","218,610,023"
17054,2017-05-13,16 29 30 32 33,04 05,"3,591,834,048.99","237,276,288"
17055,2017-05-15,19 20 22 30 33,03 09,"3,614,943,787.27","213,671,196"
17056,2017-05-17,01 04 24 27 32,03 10,"3,623,470,204.79","217,496,898"
17057,2017-05-20,12 16 19 23 24,02 05,"3,589,910,730.78","237,458,502"
17058,2017-05-22,14 18 20 21 28,03 06,"3,565,690,703.85","215,638,058"
17059,2017-05-24,08 11 13 15 17,03 10,"3,607,004,261.83","223,675,219"
17060,2017-05-27,09 15 20 26 31,05 12,"3,538,189,538.77","245,007,742"
17061,2017-05-29,10 19 23 25 30,02 04,"3,568,226,863.40","208,653,050"
17062,2017-05-31,01 04 06 08 28,08 12,"3,602,783,336.43","214,270,896"
17063,2017-06-03,18 21 22 24 29,05 11,"3,561,778,733.98","234,932,394"
17064,2017-06-05,01 08 20 27 30,03 04,"3,591,742,938.14","211,131,212"
17065,2017-06-07,05 11 12 19 28,05 12,"3,572,736,762.86","213,256,921"
17066,2017-06-10,11 15 23 26 30,02 11,"3,583,202,521.14","231,593,730"
17067,2017-06-12,10 17 18 32 35,10 11,"3,602,210,395.45","212,851,692"
17068,2017-06-14,07 08 19 24 27,06 07,"3,622,286,671.83","209,829,116"
17069,2017-06-17,10 16 20 23 32,08 11,"3,655,686,532.80","228,473,387"
17070,2017-06-19,06 16 18 26 30,02 03,"3,663,920,573.44","207,995,131"
17071,2017-06-21,01 04 11 14 33,05 07,"3,673,649,899.17","210,213,519"
17072,2017-06-24,01 03 29 32 34,02 05,"3,724,273,122.31","228,833,631"
17073,2017-06-26,07 18 28 31 33,01 02,"3,744,836,916.36","204,516,994"
17074,2017-06-28,08 10 11 13 17,08 11,"3,790,728,402.38","204,843,047"
17075,2017-07-01,05 11 16 18 35,01 06,"3,798,166,893.22","221,784,822"
17076,2017-07-03,02 07 25 30 35,07 12,"3,809,067,958.93","200,022,206"
17077,2017-07-05,01 03 04 25 31,06 09,"3,854,394,416.02","199,482,288"
17078,2017-07-08,04 05 27 31 34,03 06,"3,885,958,972.06","215,807,962"
17079,2017-07-10,01 17 19 32 33,02 11,"3,858,398,294.90","195,650,788"
17080,2017-07-12,08 10 21 30 31,02 05,"3,863,295,763.44","195,562,828"
17081,2017-07-15,02 12 15 20 34,01 06,"3,886,662,218.90","214,440,906"
17082,2017-07-17,05 13 20 21 25,08 09,"3,905,756,158.91","195,165,466"
17083,2017-07-19,02 05 14 22 34,03 09,"3,942,194,218.71","196,082,394"
17084,2017-07-22,06 11 14 21 31,09 12,"3,995,626,666.61","212,546,263"
17085,2017-07-24,09 13 14 25 30,02 05,"3,965,099,359.07","196,537,555"
17086,2017-07-26,12 15 18 22 31,01 08,"3,912,253,586.30","197,778,070"
17087,2017-07-29,03 14 21 29 35,02 06,"3,955,355,946.09","217,653,411"
17088,2017-07-31,05 28 31 34 35,08 09,"3,970,858,479.61","197,682,581"
17089,2017-08-02,03 05 06 15 18,03 10,"3,963,658,496.87","195,804,666"
17090,2017-08-05,03 06 15 22 35,09 11,"4,007,843,515.18","213,149,992"
17091,2017-08-07,01 05 07 16 19,03 12,"4,051,343,402.10","195,484,927"
17092,2017-08-09,03 07 09 17 34,04 05,"4,088,257,898.69","195,744,671"
17093,2017-08-12,05 06 17 21 29,02 04,"4,092,641,538.01","221,236,141"
17094,2017-08-14,03 05 08 29 33,04 08,"4,085,529,699.07","199,415,092"
17095,2017-08-16,15 32 33 34 35,03 12,"4,049,665,155.53","201,396,755"
17096,2017-08-19,03 07 09 17 28,04 12,"4,090,375,934.88","208,897,903"
17097,2017-08-21,07 14 19 22 34,07 12,"4,126,211,909.27","196,473,148"
17098,2017-08-23,06 09 17 30 35,10 11,"4,147,258,197.12","196,939,620"
17099,2017-08-26,08 09 17 18 24,03 07,"4,185,748,073.38","221,193,415"
17100,2017-08-28,02 05 18 19 31,01 09,"4,228,046,475.45","199,482,458"
17101,2017-08-30,05 15 21 25 29,05 08,"4,125,812,710.07","200,305,918"
17102,2017-09-02,01 12 23 24 29,08 12,"4,163,837,398.83","224,707,432"
17103,2017-09-04,04 19 20 24 29,03 04,"4,188,619,607.84","199,164,249"
17104,2017-09-06,09 11 22 27 30,09 11,"4,191,982,211.19","200,139,054"
17105,2017-09-09,04 15 22 24 32,02 09,"4,224,981,559.54","224,525,720"
17106,2017-09-11,09 12 18 23 29,02 04,"4,239,006,390.50","201,806,989"
17107,2017-09-13,04 10 19 25 27,06 12,"4,256,486,298.74","203,030,002"
17108,2017-09-16,01 04 15 21 22,04 09,"4,268,598,635.95","224,635,006"
17109,2017-09-18,06 09 19 26 34,05 07,"4,242,085,787.76","202,094,126"
17110,2017-09-20,10 14 20 21 35,02 05,"4,252,044,900.23","201,794,687"
17111,2017-09-23,02 14 17 26 34,08 12,"4,289,815,823.69","220,140,489"
17112,2017-09-25,05 06 20 31 32,06 12,"4,270,235,999.62","199,283,910"
17113,2017-09-27,05 08 17 18 23,04 12,"4,238,842,403.10","202,181,819"
17114,2017-09-30,06 07 12 18 23,01 12,"4,288,325,250.21","221,457,669"
17115,2017-10-02,14 19 20 25 31,06 08,"4,288,831,778.98","175,963,547"
17116,2017-10-04,02 27 30 32 33,01 03,"4,309,435,912.43","172,984,540"
17117,2017-10-07,05 07 09 24 32,08 10,"4,307,581,838.48","207,881,694"
17118,2017-10-09,02 07 16 20 33,03 11,"4,252,457,950.64","195,121,929"
17119,2017-10-11,05 07 13 29 35,03 08,"4,247,472,952.64","197,391,000"
17120,2017-10-14,08 15 24 26 27,05 06,"4,223,045,066.72","216,330,390"
17121,2017-10-16,01 06 12 26 31,01 07,"4,271,765,199.07","199,583,003"
17122,2017-10-18,03 12 18 29 34,03 11,"4,284,527,224.27","204,853,140"
17123,2017-10-21,03 15 23 26 32,01 12,"4,318,722,376.23","224,279,189"
17124,2017-10-23,03 29 30 32 35,03 08,"4,351,880,934.91","201,634,459"
17125,2017-10-25,07 11 18 26 28,04 05,"4,275,162,353.38","202,527,987"
17126,2017-10-28,03 04 13 24 33,01 11,"4,291,619,493.61","224,742,436"
17127,2017-10-30,02 15 18 21 22,03 10,"4,224,508,242.85","202,014,185"
17128,2017-11-01,09 11 13 18 33,02 03,"4,236,702,290.25","210,460,163"
17129,2017-11-04,05 17 20 32 33,04 09,"4,234,584,571.14","221,400,965"
17130,2017-11-06,05 18 28 33 34,03 04,"4,269,462,536.11","205,281,738"
17131,2017-11-08,03 05 08 19 34,01 12,"4,276,365,066.49","209,769,933"
17132,2017-11-11,11 17 23 26 27,01 10,"4,314,342,249.60","228,286,369"
17133,2017-11-13,15 17 19 32 33,01 03,"4,363,865,130.97","205,369,201"
17134,2017-11-15,07 18 19 32 34,02 10,"4,384,046,233.10","209,089,016"
17135,2017-11-18,01 12 15 19 22,02 04,"4,403,766,719.35","228,099,000"
17136,2017-11-20,01 11 20 21 22,03 04,"4,314,495,402.73","204,621,999"
17137,2017-11-22,01 20 22 28 29,05 07,"4,236,731,015.78","208,371,260"
17138,2017-11-25,04 07 09 20 25,02 11,"4,195,563,190.17","224,706,665"
17139,2017-11-27,02 06 19 25 32,09 12,"4,210,596,967.28","208,076,169"
17140,2017-11-29,10 16 25 26 29,01 05,"4,219,678,773.37","210,287,622"
17141,2017-12-02,02 08 21 22 29,03 05,"4,237,389,514.38","227,842,115"
17142,2017-12-04,01 05 16 19 28,02 10,"4,275,347,171.15","209,153,464"
17143,2017-12-06,06 09 24 29 32,02 07,"4,282,393,686.41","209,971,249"
17144,2017-12-09,03 21 23 29 32,10 11,"4,309,699,345.11","233,101,357"
17145,2017-12-11,04 07 17 18 19,03 10,"4,317,224,774.98","213,369,884"
17146,2017-12-13,01 05 11 14 35,09 10,"4,318,480,826.62","213,122,165"
17147,2017-12-16,05 16 17 25 34,01 11,"4,367,250,718.28","229,737,246"
17148,2017-12-18,19 27 31 32 35,11 12,"4,364,959,468.08","211,263,443"
17149,2017-12-20,10 18 19 25 26,04 12,"4,407,904,079.86","216,816,379"
17150,2017-12-23,03 06 10 13 18,09 11,"4,457,502,260.87","235,911,666"
17151,2017-12-25,05 06 23 28 32,04 05,"4,464,946,961.94","211,995,741"
17152,2017-12-27,02 04 07 23 28,02 08,"4,466,541,182.05","214,887,235"
17153,2017-12-30,01 09 24 26 34,09 12,"4,478,126,302.73","236,928,410"
18001,2018-01-01,01 13 22 25 35,03 04,"4,479,674,483.42","215,274,808"
18002,2018-01-03,12 20 23 27 34,01 06,"4,443,585,959.01","208,431,222"
18003,2018-01-06,04 21 23 24 30,09 10,"4,440,647,604.82","226,801,109"
18004,2018-01-08,04 09 22 28 30,01 10,"4,445,675,467.45","205,801,716"
18005,2018-01-10,04 09 23 24 30,08 11,"4,435,847,449.69","208,354,385"
18006,2018-01-13,19 20 30 32 33,03 05,"4,483,250,787.12","228,876,959"
18007,2018-01-15,03 04 28 31 34,04 11,"4,504,102,672.18","210,430,592"
18008,2018-01-17,09 15 17 20 22,10 11,"4,509,562,520.37","211,879,491"
18009,2018-01-20,10 12 28 30 34,03 04,"4,570,009,063.45","230,281,073"
18010,2018-01-22,24 25 26 28 29,04 12,"4,588,018,755.46","209,455,315"
18011,2018-01-24,03 13 15 23 26,01 10,"4,641,173,456.84","203,498,133"
18012,2018-01-27,03 22 24 29 34,07 11,"4,635,213,010.41","218,599,858"
18013,2018-01-29,08 24 31 33 35,07 10,"4,684,812,702.88","203,090,721"
18014,2018-01-31,14 16 18 24 31,01 08,"4,726,825,681.12","203,817,985"
18015,2018-02-03,04 13 15 18 29,05 11,"4,753,653,322.59","220,572,521"
18016,2018-02-05,01 02 12 13 23,09 12,"4,766,514,256.47","202,835,116"
18017,2018-02-07,04 19 21 23 31,04 09,"4,771,863,108.84","202,520,718"
18018,2018-02-10,06 08 13 24 28,06 12,"4,824,492,674.96","226,108,418"
18019,2018-02-12,10 11 19 21 28,05 12,"4,865,933,980.43","206,501,821"
18020,2018-02-14,01 10 13 14 21,09 12,"4,908,324,787.43","223,552,917"
18021,2018-02-24,05 06 08 09 15,04 11,"4,941,852,651.30","233,520,667"
18022,2018-02-26,02 10 19 33 35,05 06,"4,988,506,161.93","202,288,216"
18023,2018-02-28,12 13 18 21 29,02 08,"5,016,451,627.03","203,587,803"
18024,2018-03-03,02 16 24 30 32,04 07,"5,038,602,897.33","230,080,943"
18025,2018-03-05,07 08 09 15 34,07 08,"5,047,617,317.86","207,433,913"
18026,2018-03-07,01 02 03 04 30,03 05,"5,074,912,532.29","205,938,359"
18027,2018-03-10,01 18 20 21 26,04 11,"5,085,962,016.49","222,637,440"
18028,2018-03-12,04 19 25 30 35,04 07,"5,125,941,530.51","210,397,698"
18029,2018-03-14,03 09 21 25 29,01 08,"5,134,052,855.83","211,962,307"
18030,2018-03-17,05 18 21 28 32,09 11,"5,152,546,013.85","230,478,981"
18031,2018-03-19,03 08 13 17 23,05 11,"5,184,093,714.28","211,527,559"
18032,2018-03-21,07 10 17 32 35,05 12,"5,225,006,750.48","211,403,323"
18033,2018-03-24,02 03 19 23 34,04 09,"5,198,381,632.29","231,061,109"
18034,2018-03-26,08 11 22 27 32,03 07,"5,196,338,763.17","212,117,050"
18035,2018-03-28,05 07 10 12 24,07 11,"5,244,871,082.16","211,060,885"
18036,2018-03-31,11 17 18 21 27,07 08,"5,297,754,793.49","227,859,939"
18037,2018-04-02,01 03 27 30 31,02 11,"5,323,867,872.59","205,790,103"
18038,2018-04-04,14 23 25 31 32,01 03,"5,339,234,513.65","198,878,775"
18039,2018-04-07,02 07 14 29 32,10 11,"5,364,269,644.97","217,344,524"
18040,2018-04-09,05 07 18 27 31,01 08,"5,411,665,761.22","211,513,034"
18041,2018-04-11,01 23 25 31 33,01 12,"5,445,163,138.20","253,422,570"
18042,2018-04-14,03 19 25 29 35,05 09,"5,327,068,941.34","265,007,165"
18043,2018-04-16,03 06 13 28 33,04 11,"5,239,147,674.15","256,568,992"
18044,2018-04-18,02 04 06 18 21,05 08,"5,268,779,121.72","265,929,558"
18045,2018-04-21,02 05 20 30 35,05 09,"5,283,900,535.62","283,210,997"
18046,2018-04-23,10 20 22 29 32,05 10,"5,268,370,217.12","257,284,500"
18047,2018-04-25,03 08 10 14 20,04 08,"5,293,491,487.24","258,398,718"
18048,2018-04-28,02 03 11 20 25,02 07,"5,318,104,005.26","276,622,481"
18049,2018-04-30,04 07 09 10 13,06 12,"5,368,233,194.30","230,788,528"
18050,2018-05-02,22 24 26 34 35,06 12,"5,422,293,093.95","241,836,897"
18051,2018-05-05,09 18 28 29 35,03 11,"5,447,396,941.16","263,978,006"
18052,2018-05-07,05 16 18 19 25,02 07,"5,447,819,442.24","240,438,756"
18053,2018-05-09,11 16 21 23 25,02 12,"5,515,804,329.86","247,482,667"
18054,2018-05-12,09 10 12 20 30,01 07,"5,465,203,784.82","266,905,172"
18055,2018-05-14,03 07 20 33 34,09 10,"5,505,823,357.74","247,382,161"
18056,2018-05-16,02 04 16 28 34,05 07,"5,556,714,938.56","242,284,907"
18057,2018-05-19,13 19 22 27 28,05 06,"5,533,435,106.09","263,782,813"
18058,2018-05-21,09 11 12 26 32,04 10,"5,563,764,270.56","239,072,621"
18059,2018-05-23,01 09 10 27 35,06 11,"5,611,696,366.03","242,609,804"
18060,2018-05-26,04 22 27 29 31,02 10,"5,654,020,895.59","263,797,526"
18061,2018-05-28,04 10 12 28 31,08 11,"5,653,787,525.57","237,450,953"
18062,2018-05-30,12 14 19 23 35,02 07,"5,703,821,164.03","238,259,472"
18063,2018-06-02,05 14 15 32 34,03 10,"5,705,403,010.45","245,622,727"
18064,2018-06-04,01 03 04 11 29,02 04,"5,761,282,472.73","224,954,479"
18065,2018-06-06,07 10 28 31 32,08 10,"5,772,639,586.93","220,810,457"
18066,2018-06-09,01 20 23 32 33,01 04,"5,813,704,069.93","239,793,134"
18067,2018-06-11,03 07 12 18 31,07 10,"5,854,895,390.25","219,756,324"
18068,2018-06-13,08 12 16 26 33,05 06,"5,874,936,454.44","196,468,042"
18069,2018-06-16,01 08 13 21 24,02 11,"5,885,037,873.39","241,142,640"
18070,2018-06-18,02 05 10 16 30,04 07,"5,919,039,404.50","211,903,935"
18071,2018-06-20,02 05 23 30 31,03 09,"5,949,658,808.60","214,566,154"
18072,2018-06-23,05 12 17 24 26,01 02,"5,981,278,505.68","224,650,873"
18073,2018-06-25,13 19 24 25 29,02 08,"5,972,044,398.22","201,563,745"
18074,2018-06-27,03 09 12 28 30,04 12,"5,909,727,592.75","199,597,596"
18075,2018-06-30,01 06 12 20 34,04 12,"5,958,857,007.20","220,535,723"
18076,2018-07-02,07 18 28 29 32,06 08,"5,950,663,010.78","199,580,156"
18077,2018-07-04,01 06 09 15 26,08 09,"5,981,630,962.46","203,843,593"
18078,2018-07-07,07 11 12 22 30,03 06,"5,999,253,266.21","218,580,534"
18079,2018-07-09,03 04 10 27 29,01 05,"5,968,985,976.16","202,323,374"
18080,2018-07-11,07 16 24 26 31,10 11,"5,956,453,500.72","200,930,992"
18081,2018-07-14,02 10 13 21 35,01 12,"5,995,484,438.14","220,990,027"
18082,2018-07-16,01 02 14 17 18,08 10,"6,046,964,394.78","202,664,331"
18083,2018-07-18,07 12 25 27 28,10 11,"6,060,893,274.96","203,396,776"
18084,2018-07-21,06 11 17 22 35,11 12,"6,114,274,675.94","221,782,319"
18085,2018-07-23,01 02 14 25 31,05 07,"6,119,215,421.13","203,720,742"
18086,2018-07-25,16 22 24 29 31,04 05,"6,147,152,397.99","202,039,886"
18087,2018-07-28,03 14 19 23 25,01 04,"6,170,422,461.93","221,733,708"
18088,2018-07-30,08 09 21 25 33,01 08,"6,175,967,288.11","201,070,776"
18089,2018-08-01,26 27 28 32 34,06 10,"6,185,259,533.87","198,789,849"
18090,2018-08-04,06 20 24 33 34,04 11,"6,215,638,458.69","214,323,707"
18091,2018-08-06,06 22 26 28 31,01 07,"6,239,379,715.37","200,209,093"
18092,2018-08-08,05 07 14 18 19,04 10,"6,271,921,898.90","203,960,013"
18093,2018-08-11,03 11 16 18 33,03 11,"6,289,602,123.49","219,900,805"
18094,2018-08-13,11 16 25 30 34,08 10,"6,342,519,469.97","204,437,453"
18095,2018-08-15,07 14 18 29 35,05 12,"6,304,083,968.85","201,899,050"
18096,2018-08-18,13 14 20 28 34,06 10,"6,319,451,570.86","224,999,849"
18097,2018-08-20,10 12 14 18 23,01 04,"6,344,726,748.78","205,831,161"
18098,2018-08-22,02 15 18 25 27,05 07,"6,340,719,923.61","203,730,773"
18099,2018-08-25,12 13 16 20 21,01 07,"6,343,983,973.51","222,690,897"
18100,2018-08-27,06 20 21 26 30,06 09,"6,342,598,373.69","200,023,810"
18101,2018-08-29,03 14 15 23 29,04 05,"6,308,725,026.92","198,499,936"
18102,2018-09-01,06 07 13 22 24,10 12,"6,342,068,179.76","224,197,222"
18103,2018-09-03,14 24 26 28 35,02 03,"6,391,571,458.42","202,609,595"
18104,2018-09-05,01 13 14 26 28,07 11,"6,430,739,174.62","203,640,357"
18105,2018-09-08,01 16 19 20 31,02 07,"6,452,487,726.44","219,284,141"
18106,2018-09-10,04 14 17 24 31,01 04,"6,472,172,226.51","204,182,024"
18107,2018-09-12,07 08 09 10 22,03 04,"6,469,261,221.79","207,148,979"
18108,2018-09-15,09 10 24 31 32,07 12,"6,512,454,344.16","214,909,384"
18109,2018-09-17,10 16 23 25 34,02 05,"6,515,974,853.57","193,599,346"
18110,2018-09-19,06 19 21 27 28,03 11,"6,499,010,024.89","199,222,858"
18111,2018-09-22,03 16 27 28 32,04 05,"6,520,081,923.65","215,472,949"
18112,2018-09-24,03 07 08 09 29,09 10,"6,521,875,291.15","193,514,083"
18113,2018-09-26,08 12 27 31 33,04 08,"6,557,535,636.88","204,939,053"
18114,2018-09-29,12 18 26 28 29,05 06,"6,552,450,316.38","224,148,934"
18115,2018-10-01,02 06 13 18 25,01 02,"6,535,370,887.62","188,986,085"
18116,2018-10-03,01 14 17 21 33,07 10,"6,524,536,540.06","182,177,791"
18117,2018-10-06,07 11 13 22 29,03 08,"6,498,990,134.83","217,651,581"
18118,2018-10-08,04 05 14 21 34,06 09,"6,485,845,808.74","211,508,812"
18119,2018-10-10,06 09 11 16 35,02 05,"6,481,977,558.64","212,932,980"
18120,2018-10-13,21 22 25 27 30,08 09,"6,502,829,135.12","234,821,953"
18121,2018-10-15,06 07 21 29 30,01 10,"6,520,734,499.03","207,915,429"
18122,2018-10-17,08 09 21 30 31,05 12,"6,530,054,426.41","214,571,833"
18123,2018-10-20,06 09 29 32 35,02 04,"6,522,610,651.61","234,208,723"
18124,2018-10-22,08 10 12 19 20,10 11,"6,524,154,322.05","216,443,708"
18125,2018-10-24,07 16 20 21 34,04 06,"6,522,197,027.55","219,795,983"
18126,2018-10-27,11 13 15 21 27,05 06,"6,554,917,405.49","237,550,025"
18127,2018-10-29,01 03 04 11 29,08 12,"6,564,347,966.86","217,690,667"
18128,2018-10-31,11 12 14 16 26,08 09,"6,594,664,860.45","220,324,605"
18129,2018-11-03,04 07 21 22 29,03 06,"6,576,364,115.59","235,940,348"
18130,2018-11-05,03 04 16 18 25,01 11,"6,590,885,413.07","217,325,653"
18131,2018-11-07,12 14 21 32 33,02 11,"6,635,339,455.74","216,536,327"
18132,2018-11-10,03 16 22 23 27,01 04,"6,678,376,013.66","239,163,144"
18133,2018-11-12,08 12 14 15 19,01 10,"6,657,631,974.04","217,396,050"
18134,2018-11-14,04 05 19 31 35,02 12,"6,685,696,823.23","216,189,491"
18135,2018-11-17,14 19 23 27 34,06 12,"6,728,041,749.31","234,501,139"
18136,2018-11-19,03 11 12 19 21,05 11,"6,745,147,509","211,832,625"
18137,2018-11-21,07 10 22 23 33,08 11,"6,774,793,860.95","213,366,740"
18138,2018-11-24,01 23 24 28 33,04 05,"6,820,616,434.92","235,550,538"
18139,2018-11-26,05 11 16 28 35,06 09,"6,818,142,501.45","211,260,296"
18140,2018-11-28,01 06 08 12 15,03 04,"6,827,035,600.62","214,669,161"
18141,2018-12-01,03 07 23 26 33,04 09,"6,821,675,414.27","229,878,514"
18142,2018-12-03,19 24 28 29 34,10 11,"6,821,793,738","209,733,653"
18143,2018-12-05,04 07 20 22 33,01 02,"6,875,246,343.44","209,812,542"
18144,2018-12-08,06 17 18 24 31,07 11,"6,852,100,778.34","218,318,880"
18145,2018-12-10,09 18 29 31 33,06 11,"6,863,931,453","203,937,312"
18146,2018-12-12,03 08 09 13 33,01 02,"6,915,052,805.36","205,362,986"
18147,2018-12-15,01 11 26 33 35,02 10,"6,972,210,324.58","223,971,838"
18148,2018-12-17,02 06 24 33 34,02 03,"6,967,866,677.36","208,136,096"
18149,2018-12-19,01 07 10 11 20,03 06,"6,956,714,763.71","207,515,954"
18150,2018-12-22,05 12 13 31 34,10 12,"7,002,968,220.47","225,791,549"
18151,2018-12-24,04 08 18 29 30,03 07,"7,018,219,322.87","207,291,663"
18152,2018-12-26,02 04 05 12 28,08 11,"7,064,136,608.18","205,613,392"
18153,2018-12-29,03 06 07 08 21,01 08,"7,088,689,110.58","226,088,197"
18154,2018-12-31,14 22 23 26 30,03 05,"7,118,917,925.11","211,659,213"
19001,2019-01-02,06 18 23 26 28,03 12,"7,142,421,311.27","210,010,629"
19002,2019-01-05,02 07 14 22 31,01 07,"7,151,049,695.27","225,241,300"
19003,2019-01-07,04 08 18 20 32,10 12,"7,201,268,804.59","207,380,158"
19004,2019-01-09,15 16 17 31 32,03 09,"7,161,063,055.99","204,580,697"
19005,2019-01-12,21 26 27 29 34,05 06,"7,179,285,216.01","226,883,398"
19006,2019-01-14,14 17 19 25 30,04 08,"7,179,104,849.41","211,569,980"
19007,2019-01-16,03 12 16 29 32,01 05,"7,231,975,347.18","212,856,147"
19008,2019-01-19,03 08 17 20 24,06 11,"7,175,235,779.36","235,369,276"
19009,2019-01-21,03 09 15 18 26,06 12,"7,221,191,570.40","208,724,945"
19010,2019-01-23,03 07 24 25 27,02 12,"7,255,514,505.17","213,767,581"
19011,2019-01-26,04 12 13 16 17,04 09,"7,282,068,516.69","229,215,164"
19012,2019-01-28,05 09 17 18 19,07 10,"7,270,412,609.81","208,049,284"
19013,2019-01-30,08 10 15 17 18,01 08,"7,261,573,924.16","209,355,520"
19014,2019-02-02,12 14 20 28 31,09 11,"7,281,902,287.45","252,453,111"
19015,2019-02-11,02 05 10 13 30,04 06,"7,318,529,721.59","200,905,382"
19016,2019-02-13,03 05 13 16 28,02 06,"7,335,987,177.13","199,463,845"
19017,2019-02-16,01 05 07 22 25,03 04,"7,345,788,306.22","224,354,188"
19018,2019-02-18,03 18 19 26 34,06 12,"7,368,392,285.46","206,286,685"
19019,2019-02-20,04 11 19 25 32,01 02,"7,344,326,745.47","240,747,642"
19020,2019-02-23,01 08 16 27 34,03 12,"7,305,795,077.03","262,801,443"
19021,2019-02-25,07 13 17 24 33,01 10,"7,281,471,244.44","246,282,617"
19022,2019-02-27,01 04 14 15 21,01 05,"7,260,411,038.25","250,698,873"
19023,2019-03-02,01 03 14 26 30,06 11,"7,266,412,330.52","271,045,330"
19024,2019-03-04,11 17 19 29 33,08 09,"7,212,374,715.45","253,993,953"
19025,2019-03-06,06 13 16 19 29,03 07,"7,214,723,367.23","254,293,562"
19026,2019-03-09,10 12 15 17 19,02 03,"7,119,844,630.41","276,287,254"
19027,2019-03-11,16 18 24 25 27,02 07,"7,126,442,763.63","258,310,439"
19028,2019-03-13,06 22 28 29 33,02 07,"7,126,442,763.63","265,043,546"
19029,2019-03-16,01 04 18 24 28,02 03,"7,130,547,448.93","286,607,872"
19030,2019-03-18,07 09 13 14 33,02 04,"7,130,547,448.93","259,512,014"
19031,2019-03-20,03 08 21 26 33,04 05,"7,087,941,067.17","258,941,467"
19032,2019-03-23,01 04 07 11 30,07 08,"7,075,490,419.61","281,069,928"
19033,2019-03-25,01 02 04 16 24,07 09,"7,046,359,232.57","259,583,444"
19034,2019-03-27,08 12 15 27 30,01 02,"7,043,311,560.73","263,239,739"
19035,2019-03-30,01 03 05 07 18,08 09,"6,990,724,179.86","278,976,389"
19036,2019-04-01,03 09 21 28 30,01 12,"6,962,303,972.24","264,051,280"
19037,2019-04-03,06 16 26 33 35,04 08,"6,957,878,946.51","259,744,189"
19038,2019-04-06,05 11 16 18 27,07 12,"6,935,534,546.87","273,576,520"
19039,2019-04-08,01 12 18 26 35,06 12,"6,835,874,897.75","258,620,074"
19040,2019-04-10,01 03 31 32 34,01 03,"6,679,434,766.57","256,461,644"
19041,2019-04-13,12 19 20 22 28,02 06,"6,358,353,641.44","278,194,830"
19042,2019-04-15,04 10 13 28 33,11 12,"6,274,619,165.19","266,281,814"
19043,2019-04-17,02 06 07 12 15,06 12,"6,017,894,922.86","265,838,829"
19044,2019-04-20,03 06 10 12 31,01 02,"6,008,098,540.80","297,670,249"
19045,2019-04-22,01 04 16 19 33,03 12,"5,552,688,626.28","266,773,843"
19046,2019-04-24,02 08 14 15 35,10 12,"5,516,686,407.37","279,781,730"
19047,2019-04-27,03 04 10 16 32,04 09,"5,438,181,602.71","301,841,890"
19048,2019-04-29,06 10 16 29 33,05 11,"5,385,687,606.44","277,776,696"
19049,2019-05-01,10 16 22 26 27,07 11,"5,347,345,506.43","258,571,922"
19050,2019-05-04,04 15 16 20 35,03 12,"5,336,065,896.62","285,832,883"
19051,2019-05-06,11 15 16 20 29,04 08,"5,344,151,471.31","271,425,230"
19052,2019-05-08,04 10 15 20 24,07 11,"5,313,363,213.20","276,499,358"
19053,2019-05-11,01 11 19 26 35,11 12,"5,323,214,068.97","302,681,393"
19054,2019-05-13,02 18 23 27 30,05 10,"4,984,758,179.70","276,149,811"
19055,2019-05-15,02 04 06 19 22,02 06,"4,963,149,792.21","283,602,540"
19056,2019-05-18,01 07 10 12 23,06 08,"4,915,397,954.52","305,996,270"
19057,2019-05-20,08 14 16 34 35,06 12,"4,894,582,543.02","276,199,961"
19058,2019-05-22,03 10 13 14 32,07 11,"4,845,045,371.81","275,571,204"
19059,2019-05-25,07 08 15 27 32,08 12,"4,833,102,718.66","301,599,968"
19060,2019-05-27,01 11 12 18 21,08 10,"4,833,102,718.66","269,705,099"
19061,2019-05-29,01 02 13 14 26,05 11,"4,808,403,292.26","272,417,820"
19062,2019-06-01,05 16 23 25 28,01 12,"4,764,031,989.12","292,876,443"
19063,2019-06-03,05 08 15 18 21,04 08,"4,705,583,931.89","269,890,522"
19064,2019-06-05,07 08 13 19 29,11 12,"4,705,583,931.89","277,172,405"
19065,2019-06-08,03 08 10 23 27,02 12,"4,677,385,384.87","295,446,062"
19066,2019-06-10,04 10 11 18 31,05 08,"4,639,229,846.44","272,861,483"
19067,2019-06-12,03 08 11 15 16,02 10,"4,596,914,428.40","281,702,303"
19068,2019-06-15,04 05 08 17 27,06 11,"4,527,560,332.13","302,523,734"
19069,2019-06-17,08 22 23 33 34,04 06,"4,409,347,603.61","277,867,343"
19070,2019-06-19,02 13 15 22 34,02 12,"4,419,628,452.27","271,071,777"
19071,2019-06-22,07 13 14 15 22,07 11,"4,386,203,653.53","295,494,008"
19072,2019-06-24,02 04 06 09 18,07 10,"4,390,457,898.50","269,398,842"
19073,2019-06-26,04 11 19 20 24,08 11,"4,382,364,770.03","271,821,466"
19074,2019-06-29,08 09 13 14 34,05 07,"4,372,011,525.40","301,323,048"
19075,2019-07-01,05 06 07 11 16,02 11,"4,329,058,171.28","264,828,767"
19076,2019-07-03,01 06 11 23 29,01 11,"4,297,766,552.19","266,685,847"
19077,2019-07-06,01 15 17 21 33,07 10,"4,306,208,094.02","293,644,337"
19078,2019-07-08,05 10 21 26 30,01 07,"4,306,208,094.02","272,470,927"
19079,2019-07-10,10 13 16 28 35,04 05,"4,282,392,620.57","271,256,673"
19080,2019-07-13,05 13 18 19 24,02 07,"4,212,738,027.93","296,452,290"
19081,2019-07-15,06 24 26 30 33,02 07,"4,186,160,785.64","272,912,117"
19082,2019-07-17,06 18 20 21 31,03 04,"4,117,332,392.64","271,428,141"
19083,2019-07-20,17 24 26 28 32,07 09,"4,096,211,433.05","292,813,014"
19084,2019-07-22,12 23 25 34 35,01 07,"4,085,660,246.49","267,484,415"
19085,2019-07-24,04 05 06 15 26,08 11,"4,061,417,388.90","266,144,001"
19086,2019-07-27,05 15 16 28 31,02 07,"3,904,840,978.20","288,257,269"
19087,2019-07-29,05 06 18 19 27,07 12,"3,816,395,392.04","265,658,108"
19088,2019-07-31,01 05 18 27 33,06 08,"3,755,102,164.41","270,234,407"
19089,2019-08-03,09 14 18 33 34,03 12,"3,719,449,575.77","297,660,456"
19090,2019-08-05,13 19 28 30 33,02 12,"3,716,328,636.10","267,395,452"
19091,2019-08-07,04 13 20 26 28,03 12,"3,724,322,762.61","269,521,488"
19092,2019-08-10,02 11 15 27 30,02 05,"3,693,574,033.39","282,457,933"
19093,2019-08-12,16 17 26 29 35,01 07,"3,598,377,683.32","263,591,081"
19094,2019-08-14,01 12 14 26 27,07 09,"3,605,111,819.48","268,760,225"
19095,2019-08-17,03 12 17 19 31,02 06,"3,519,353,885.34","285,599,790"
19096,2019-08-19,02 12 22 23 27,02 06,"3,519,455,538.67","264,716,811"
19097,2019-08-21,10 17 20 30 35,10 12,"3,499,337,220.66","265,934,781"
19098,2019-08-24,13 15 17 19 22,03 04,"3,413,905,650.77","283,264,604"
19099,2019-08-26,04 06 18 27 33,07 09,"3,199,540,847.69","264,966,797"
19100,2019-08-28,05 08 12 19 21,06 11,"3,013,571,194.30","285,699,001"
19101,2019-08-31,05 11 18 19 27,05 06,"2,965,514,601.49","317,232,101"
19102,2019-09-02,05 10 15 19 31,03 06,"2,971,122,369.40","294,439,142"
19103,2019-09-04,05 12 22 27 32,04 07,"2,866,542,333.01","282,169,207"
19104,2019-09-07,02 07 19 22 28,03 05,"2,854,646,726.46","307,889,648"
19105,2019-09-09,01 04 09 14 17,01 06,"2,849,032,904.09","276,792,452"
19106,2019-09-11,05 08 10 32 35,02 10,"2,849,290,614.86","277,501,958"
19107,2019-09-14,05 09 19 27 35,02 03,"2,814,001,475.61","293,549,724"
19108,2019-09-16,24 27 28 31 34,04 08,"2,810,944,267.23","284,940,682"
19109,2019-09-18,02 07 08 20 25,11 12,"2,807,779,066.62","280,419,217"
19110,2019-09-21,01 19 23 24 30,04 05,"2,796,874,880.24","304,148,169"
19111,2019-09-23,06 15 20 23 27,08 10,"2,773,019,554.68","278,838,967"
19112,2019-09-25,03 10 16 21 33,05 06,"2,636,508,288.74","280,910,162"
19113,2019-09-28,03 11 27 34 35,01 02,"2,630,473,137.64","311,100,525"
19114,2019-09-30,03 05 07 20 23,04 11,"2,618,860,320.16","293,032,964"
19115,2019-10-09,01 18 21 28 32,05 12,"2,576,114,778.47","286,493,206"
19116,2019-10-12,02 10 16 21 23,02 12,"2,540,591,128.72","297,819,968"
19117,2019-10-14,01 18 21 25 35,07 08,"2,510,705,015.80","271,077,215"
19118,2019-10-16,02 03 13 19 26,02 03,"2,505,219,108.84","272,734,633"
19119,2019-10-19,03 06 09 23 34,02 11,"2,450,995,410.67","296,906,555"
19120,2019-10-21,06 15 17 22 25,01 09,"2,417,531,958.16","275,763,665"
19121,2019-10-23,01 02 03 07 17,04 10,"2,389,042,428.25","276,665,665"
19122,2019-10-26,05 19 25 31 33,10 11,"2,388,431,796.56","289,532,078"
19123,2019-10-28,03 13 15 26 30,05 12,"2,325,632,751.35","273,397,306"
19124,2019-10-30,07 17 26 27 30,06 12,"2,320,815,917.35","275,959,410"
19125,2019-11-02,05 08 09 14 34,02 05,"2,290,847,002.80","298,679,570"
19126,2019-11-04,05 09 16 18 30,04 07,"2,177,652,383.89","276,082,640"
19127,2019-11-06,04 07 08 11 16,09 11,"2,135,181,960.52","300,600,530"
19128,2019-11-09,20 21 25 34 35,03 12,"2,137,001,004.60","322,813,843"
19129,2019-11-11,10 13 18 23 30,06 12,"2,091,270,342.29","295,027,665"
19130,2019-11-13,01 13 20 21 26,04 10,"2,080,589,741.20","303,550,489"
19131,2019-11-16,05 06 14 27 29,06 10,"2,069,940,752.64","329,976,108"
19132,2019-11-18,03 05 06 13 18,10 12,"2,031,322,367.26","302,574,925"
19133,2019-11-20,03 12 24 27 34,01 12,"2,012,422,203.42","307,662,290"
19134,2019-11-23,05 06 07 14 17,10 11,"1,982,686,527.08","315,940,098"
19135,2019-11-25,04 05 19 25 26,01 11,"1,952,350,514.03","285,312,173"
19136,2019-11-27,03 16 20 26 29,03 09,"1,836,618,362.96","286,999,222"
19137,2019-11-30,03 05 12 13 26,07 12,"1,811,011,407.29","312,773,222"
19138,2019-12-02,04 06 07 20 29,02 04,"1,807,797,395.91","292,541,823"
19139,2019-12-04,01 05 07 08 11,06 10,"1,732,644,632.39","289,227,664"
19140,2019-12-07,03 07 08 25 27,03 05,"1,668,432,904.08","316,440,627"
19141,2019-12-09,02 10 20 21 35,01 12,"1,655,481,325.91","300,500,952"
19142,2019-12-11,03 04 26 29 33,06 07,"1,627,275,280.73","299,921,169"
19143,2019-12-14,04 22 23 24 32,06 12,"1,598,566,973.30","319,892,573"
19144,2019-12-16,02 05 20 28 31,02 11,"1,542,864,127.46","293,207,584"
19145,2019-12-18,05 09 19 22 32,03 05,"1,484,740,051.76","296,865,423"
19146,2019-12-21,10 11 26 33 34,01 06,"1,381,880,354.85","314,007,833"
19147,2019-12-23,09 12 19 22 33,07 08,"1,365,277,988.01","291,104,886"
19148,2019-12-25,03 04 07 11 30,08 09,"1,357,789,883.69","289,764,338"
19149,2019-12-28,01 02 07 33 35,06 10,"1,422,864,761.57","317,712,338"
19150,2019-12-30,07 11 12 16 33,05 07,"1,347,226,023.61","296,427,458"
20001,2020-01-01,17 25 26 32 34,04 07,"1,387,021,574.86","290,178,486"
20002,2020-01-04,03 07 18 25 30,02 07,"1,369,911,815.83","314,707,905"
20003,2020-01-06,23 25 26 30 34,03 07,"1,441,800,541.84","284,089,915"
20004,2020-01-08,17 20 21 29 30,05 09,"1,439,766,324.29","279,672,368"
20005,2020-01-11,06 10 33 34 35,01 03,"1,430,492,845.62","306,743,622"
20006,2020-01-13,09 22 25 31 32,08 12,"1,474,266,993.99","274,628,114"
20007,2020-01-15,02 10 19 24 30,05 08,"1,413,642,398.91","275,894,030"
20008,2020-01-18,14 17 19 24 32,01 06,"1,436,007,520.58","312,604,530"
20009,2020-01-20,19 29 31 34 35,06 10,"1,426,304,213.30","306,054,010"
20010,2020-03-14,01 08 13 24 32,02 09,"1,408,398,438.92","193,022,506"
20011,2020-03-16,02 13 19 22 23,02 07,"1,392,702,843.47","169,402,246"
20012,2020-03-18,01 06 18 32 34,01 03,"1,417,484,530.67","180,512,101"
20013,2020-03-21,01 04 05 11 35,03 09,"1,382,155,014.89","210,216,729"
20014,2020-03-23,03 07 09 17 21,03 06,"1,368,119,121.42","203,414,775"
20015,2020-03-25,01 07 23 24 26,03 07,"1,389,102,103.50","213,742,602"
20016,2020-03-28,04 08 19 31 35,01 02,"1,414,113,824.23","235,862,341"
20017,2020-03-30,01 06 07 09 10,02 11,"1,394,320,153.56","220,830,654"
20018,2020-04-01,09 14 16 24 26,04 12,"1,443,693,869.42","230,454,828"
20019,2020-04-04,01 12 22 23 33,01 12,"1,445,697,714.26","251,571,436"
20020,2020-04-06,08 10 12 26 32,05 09,"1,452,932,119.80","229,103,689"
20021,2020-04-08,10 12 24 31 33,04 09,"1,418,256,965.37","255,667,147"
20022,2020-04-11,04 14 20 28 35,02 03,"1,459,915,831.79","279,808,308"
20023,2020-04-13,04 11 23 26 30,01 06,"1,448,119,562.43","266,526,290"
20024,2020-04-15,03 05 06 24 30,03 07,"1,437,049,654.69","274,944,706"
20025,2020-04-18,02 14 21 22 26,05 07,"1,442,053,199.37","290,980,102"
20026,2020-04-20,03 15 26 32 34,08 12,"1,423,923,368.22","267,647,668"
20027,2020-04-22,04 07 20 25 32,03 09,"1,403,985,231.54","267,026,928"
20028,2020-04-25,04 05 28 34 35,01 08,"1,319,654,037.70","297,809,663"
20029,2020-04-27,11 14 17 22 30,07 09,"1,333,962,953.67","274,347,215"
20030,2020-04-29,01 08 17 27 30,05 06,"1,308,815,502.70","336,512,111"
20031,2020-05-02,01 02 05 15 21,04 05,"1,285,895,989.31","348,801,433"
20032,2020-05-04,02 03 09 16 32,03 04,"1,167,303,638.03","315,030,186"
20033,2020-05-06,07 19 20 31 34,05 08,"1,148,417,852.22","344,128,096"
20034,2020-05-09,11 13 20 27 31,02 04,"1,119,481,106.31","363,231,403"
20035,2020-05-11,10 11 22 26 28,02 04,"1,181,117,012.94","322,907,375"
20036,2020-05-13,01 05 11 12 26,02 07,"1,165,797,219.79","329,608,250"
20037,2020-05-16,01 04 10 11 14,02 05,"1,119,552,352.13","347,550,329"
20038,2020-05-18,04 15 20 22 24,01 09,"1,189,804,473.72","321,713,613"
20039,2020-05-20,01 05 15 22 31,02 09,"1,252,426,576.78","327,734,435"
20040,2020-05-23,02 17 20 28 29,01 07,"1,290,293,247.09","350,219,331"
20041,2020-05-25,07 13 20 29 34,04 07,"1,240,028,369.51","323,641,936"
20042,2020-05-27,03 04 05 11 22,05 06,"712,471,084.60","329,246,559"
20043,2020-05-30,12 13 17 31 32,01 06,"775,887,380.27","361,785,294"
20044,2020-06-01,01 03 22 28 30,02 05,"793,042,322.23","326,278,357"
20045,2020-06-03,02 09 16 23 27,03 08,"397,099,392.41","331,645,185"
20046,2020-06-06,15 24 27 30 34,04 12,"450,033,830.40","356,817,551"
20047,2020-06-08,04 18 27 28 30,03 10,"459,553,012.37","329,244,489"
20048,2020-06-10,03 09 10 15 16,07 09,"464,779,671.25","326,341,634"
20049,2020-06-13,03 11 15 22 30,08 10,"466,168,612.25","346,562,943"
20050,2020-06-15,03 14 16 22 34,02 06,"519,429,958.07","319,364,735"
20051,2020-06-17,02 07 09 19 33,01 07,"546,514,269.79","316,737,986"
20052,2020-06-20,09 11 26 28 35,06 07,"617,935,816.99","346,849,702"
20053,2020-06-22,02 15 18 21 27,03 06,"660,208,305.90","321,021,775"
20054,2020-06-24,11 14 15 19 20,03 07,"652,393,349.65","316,196,813"
20055,2020-06-27,03 04 12 18 34,10 12,"733,955,513.29","323,557,054"
20056,2020-06-29,03 11 25 29 34,03 06,"788,369,268.18","293,376,714"
20057,2020-07-01,17 20 21 22 31,02 08,"819,749,458.84","290,961,693"
20058,2020-07-04,01 15 19 26 27,05 10,"801,073,308.70","311,403,757"
20059,2020-07-06,01 15 22 28 32,03 11,"845,222,708","288,214,989"
20060,2020-07-08,12 14 25 34 35,03 12,"840,309,833.54","293,094,526"
20061,2020-07-11,07 08 12 21 26,01 06,"823,114,481.09","311,505,452"
20062,2020-07-13,01 05 14 23 31,02 07,"811,151,382.09","281,547,455"
20063,2020-07-15,11 18 20 21 33,06 07,"828,120,323.96","285,313,485"
20064,2020-07-18,05 10 23 34 35,01 11,"864,409,230.86","306,180,017"
20065,2020-07-20,13 15 26 32 33,05 07,"905,602,072.36","275,339,410"
20066,2020-07-22,06 14 21 34 35,03 10,"918,419,472.87","275,984,921"
20067,2020-07-25,01 08 14 16 28,04 10,"969,682,196.29","298,070,364"
20068,2020-07-27,15 20 23 26 33,02 08,"963,387,967.08","275,720,877"
20069,2020-07-29,05 07 26 30 31,07 10,"984,516,773.84","276,270,699"
20070,2020-08-01,01 22 30 31 32,04 12,"1,021,716,141.15","294,678,230"
20071,2020-08-03,01 12 16 28 33,03 12,"992,189,045.86","269,034,062"
20072,2020-08-05,11 15 18 20 27,05 06,"875,748,466.47","270,501,710"
20073,2020-08-08,04 10 12 23 27,08 09,"857,463,717.87","298,601,828"
20074,2020-08-10,03 09 10 12 21,04 11,"829,434,509.37","270,785,594"
20075,2020-08-12,02 09 10 21 35,01 07,"848,526,594.54","271,697,395"
20076,2020-08-15,01 08 18 28 30,10 12,"827,752,078.21","294,292,139"
20077,2020-08-17,17 23 28 29 32,01 03,"890,203,888.20","270,568,843"
20078,2020-08-19,14 18 20 28 34,10 11,"932,733,357.90","269,949,871"
20079,2020-08-22,04 16 24 29 35,02 12,"941,997,905.73","292,614,622"
20080,2020-08-24,03 06 22 24 25,09 10,"898,072,957.75","263,844,694"
20081,2020-08-26,01 13 15 32 35,08 10,"941,509,338.17","266,594,465"
20082,2020-08-29,02 11 12 21 34,04 08,"913,232,816.11","291,838,192"
20083,2020-08-31,01 02 17 32 34,04 09,"923,726,886.74","271,235,594"
20084,2020-09-02,02 10 20 24 31,06 12,"917,779,485.86","281,668,774"
20085,2020-09-05,03 04 11 15 28,02 03,"817,700,325.61","295,847,488"
20086,2020-09-07,08 11 15 20 28,04 10,"801,056,869.71","273,366,854"
20087,2020-09-09,01 04 20 23 29,04 08,"840,146,318.60","285,933,804"
20088,2020-09-12,02 07 23 26 35,01 12,"868,351,367.23","297,982,352"
20089,2020-09-14,13 16 20 22 27,01 02,"910,070,806.58","274,438,340"
20090,2020-09-16,05 06 27 28 29,11 12,"820,939,644.90","280,443,686"
20091,2020-09-19,12 16 20 23 31,05 12,"863,707,287.91","293,820,005"
20092,2020-09-21,08 11 17 31 35,07 11,"893,054,932.92","269,838,213"
20093,2020-09-23,06 14 25 27 28,04 11,"939,867,946.15","279,991,779"
20094,2020-09-26,04 06 07 08 16,02 08,"986,269,654.25","290,322,382"
20095,2020-09-28,02 18 25 26 32,02 07,"971,831,929.59","265,863,829"
20096,2020-09-30,07 08 10 25 28,03 11,"988,983,176.36","282,876,912"
20097,2020-10-05,05 25 27 30 34,06 12,"963,061,001.51","225,919,953"
20098,2020-10-07,04 09 15 24 35,04 10,"936,316,143.83","264,989,928"
20099,2020-10-10,02 03 11 15 27,04 12,"913,910,111.18","301,168,262"
20100,2020-10-12,04 05 08 22 33,07 10,"936,240,580.80","274,948,701"
20101,2020-10-14,03 04 05 09 34,07 09,"942,455,528.10","270,291,174"
20102,2020-10-17,07 11 18 20 29,09 12,"965,450,648.80","290,224,663"
20103,2020-10-19,07 12 13 19 23,02 08,"929,277,059.37","273,609,545"
20104,2020-10-21,03 12 23 26 30,04 07,"644,732,638.55","276,928,873"
20105,2020-10-24,03 08 12 13 22,04 12,"669,097,275.89","301,070,175"
20106,2020-10-26,02 03 11 14 27,04 10,"676,948,324.55","277,207,977"
20107,2020-10-28,01 04 13 17 28,03 07,"611,359,962.68","282,777,346"
20108,2020-10-31,02 03 06 07 33,08 09,"565,897,074.17","304,680,045"
20109,2020-11-02,02 20 21 23 32,06 12,"616,088,689.54","278,965,485"
20110,2020-11-04,11 16 20 21 28,05 11,"620,860,563.24","282,491,639"
20111,2020-11-07,05 07 09 20 28,02 07,"633,996,339.27","305,503,745"
20112,2020-11-09,08 11 13 30 32,02 06,"670,912,594.15","278,836,720"
20113,2020-11-11,06 14 18 28 33,02 05,"686,105,119.23","281,010,096"
20114,2020-11-14,10 12 21 24 30,03 07,"699,754,233.60","311,221,154"
20115,2020-11-16,01 09 18 19 23,01 09,"663,087,702.46","284,014,718"
20116,2020-11-18,08 10 12 16 22,03 09,"661,279,587.98","281,698,423"
20117,2020-11-21,07 19 20 23 24,05 10,"657,082,924.61","295,676,112"
20118,2020-11-23,01 09 15 30 33,04 09,"691,143,211.21","275,653,893"
20119,2020-11-25,14 22 24 28 32,07 08,"685,541,779.34","274,272,049"
20120,2020-11-28,05 25 26 30 35,04 10,"694,960,351.32","301,311,242"
20121,2020-11-30,09 17 27 28 35,03 08,"658,127,792.19","278,202,603"
20122,2020-12-02,08 19 29 34 35,06 11,"629,576,538.56","281,651,508"
20123,2020-12-05,01 07 11 15 21,04 11,"641,696,961","304,863,915"
20124,2020-12-07,11 15 24 26 35,04 05,"671,260,146.90","278,064,291"
20125,2020-12-09,01 02 03 08 22,01 04,"699,959,034.32","275,346,986"
20126,2020-12-12,01 04 09 22 28,04 12,"721,797,951.79","298,548,217"
20127,2020-12-14,01 04 17 18 26,03 10,"723,320,954","276,778,645"
20128,2020-12-16,09 12 13 26 33,04 10,"761,816,706.67","274,958,597"
20129,2020-12-19,10 22 27 33 34,01 11,"816,759,357.92","299,215,239"
20130,2020-12-21,16 17 23 26 32,02 12,"788,606,650.29","275,873,752"
20131,2020-12-23,08 25 27 29 35,02 03,"804,095,086.65","276,280,604"
20132,2020-12-26,03 15 16 17 21,07 10,"772,089,653.02","305,220,768"
20133,2020-12-28,11 24 26 33 35,08 09,"802,371,363.19","278,817,951"
20134,2020-12-30,08 11 13 22 25,04 07,"763,061,054.83","279,450,044"
21001,2021-01-02,02 06 12 19 33,08 09,"801,248,467.89","301,287,873"
21002,2021-01-04,02 16 26 31 34,09 11,"825,914,620","278,003,685"
21003,2021-01-06,07 21 28 31 35,04 10,"811,003,039.74","271,582,391"
21004,2021-01-09,05 10 17 23 28,02 08,"742,165,173.61","287,870,674"
21005,2021-01-11,03 07 10 12 35,03 05,"782,127,364.06","270,292,542"
21006,2021-01-13,04 22 25 28 35,04 05,"830,578,066.14","273,199,546"
21007,2021-01-16,05 23 30 34 35,08 10,"854,868,061.47","290,613,639"
21008,2021-01-18,05 19 20 27 33,03 08,"821,084,248.77","267,627,406"
21009,2021-01-20,01 03 20 29 32,05 12,"865,327,652.86","270,385,175"
21010,2021-01-23,01 05 16 22 34,08 11,"886,344,173.85","292,800,978"
21011,2021-01-25,06 09 11 14 21,01 03,"903,373,114.47","264,730,145"
21012,2021-01-27,06 12 20 23 33,01 09,"942,151,519.47","267,411,208"
21013,2021-01-30,21 27 28 30 34,08 11,"975,405,451.54","293,461,597"
21014,2021-02-01,07 13 20 27 29,04 09,"997,073,349.78","268,530,082"
21015,2021-02-03,04 08 17 19 25,01 07,"945,589,061.13","272,319,625"
21016,2021-02-06,08 09 10 19 34,01 02,"937,156,413.66","311,054,206"
21017,2021-02-08,17 21 26 29 32,02 07,"961,686,810.21","335,358,205"
21018,2021-02-20,02 20 23 26 34,05 10,"946,984,257.93","289,120,482"
21019,2021-02-22,01 12 13 28 29,03 04,"989,638,019.58","268,699,087"
21020,2021-02-24,07 21 22 30 33,04 06,"986,653,276.17","266,285,933"
21021,2021-02-27,16 18 29 33 35,09 12,"1,011,996,707.13","292,083,963"
21022,2021-03-01,02 12 22 30 33,02 04,"1,060,440,510.86","267,988,268"
21023,2021-03-03,07 09 13 16 32,02 09,"1,090,709,659.76","269,669,045"
21024,2021-03-06,11 14 21 24 31,02 10,"1,099,396,871.58","290,054,173"
21025,2021-03-08,17 18 23 30 31,10 12,"1,148,953,396.23","276,142,896"
21026,2021-03-10,07 11 20 24 27,01 11,"1,173,541,384.13","276,425,219"
21027,2021-03-13,09 21 22 26 30,04 12,"1,137,674,691.74","300,185,659"
21028,2021-03-15,02 03 05 17 29,04 10,"1,148,168,180.28","290,397,846"
21029,2021-03-17,02 06 10 32 33,04 07,"1,184,579,106.98","291,997,028"
21030,2021-03-20,18 23 25 26 32,02 07,"1,159,086,523.07","310,047,645"
21031,2021-03-22,01 04 19 20 34,03 05,"1,003,234,237.06","291,035,602"
21032,2021-03-24,01 11 14 34 35,07 10,"1,024,512,096.77","294,833,370"
21033,2021-03-27,01 03 05 30 32,01 05,"1,022,165,135.28","315,951,286"
21034,2021-03-29,08 10 14 25 34,07 08,"1,088,179,028.72","287,989,728"
21035,2021-03-31,05 11 16 30 32,03 04,"1,087,964,691.77","282,083,604"
21036,2021-04-03,08 17 25 28 33,07 11,"1,070,761,233.47","293,009,078"
21037,2021-04-05,10 21 27 29 33,04 12,"1,031,553,232.47","265,069,172"
21038,2021-04-07,09 11 20 29 32,01 07,"915,135,531.74","279,043,760"
21039,2021-04-10,04 12 14 21 35,02 11,"909,367,812.50","392,788,008"
21040,2021-04-12,02 03 09 16 19,03 07,"870,795,060.28","359,580,080"
21041,2021-04-14,02 05 09 11 32,04 09,"825,740,751.04","359,992,265"
21042,2021-04-17,09 15 20 23 29,04 05,"871,261,627.71","393,684,367"
21043,2021-04-19,07 12 17 19 34,01 10,"782,390,745.06","360,667,332"
21044,2021-04-21,06 18 31 33 35,10 11,"748,920,582.87","363,597,797"
21045,2021-04-24,01 04 06 11 19,07 09,"786,177,311.03","393,747,066"
21046,2021-04-26,06 08 12 14 18,06 08,"748,366,613.41","359,217,248"
21047,2021-04-28,01 06 09 25 33,04 08,"812,065,710.28","361,812,479"
21048,2021-05-01,04 07 17 21 27,10 12,"743,586,048.12","361,695,321"
21049,2021-05-03,01 10 22 23 25,02 12,"804,858,111.37","318,983,261"
21050,2021-05-05,09 22 32 33 35,05 10,"776,495,377.98","332,629,347"
21051,2021-05-08,01 04 14 16 19,03 04,"758,421,416.42","378,483,472"
21052,2021-05-10,02 11 13 14 30,09 12,"786,688,797.44","346,174,575"
21053,2021-05-12,03 06 15 17 35,07 11,"804,585,433.31","352,261,603"
21054,2021-05-15,03 06 17 20 25,03 09,"830,717,938.76","372,706,677"
21055,2021-05-17,03 06 10 11 24,10 11,"832,841,055.27","340,947,213"
21056,2021-05-19,03 11 16 21 26,09 10,"789,092,339.63","339,616,577"
21057,2021-05-22,05 07 19 20 28,05 07,"527,921,742.44","364,226,316"
21058,2021-05-24,13 15 17 23 34,01 11,"584,612,592.08","341,604,964"
21059,2021-05-26,04 16 27 28 35,02 09,"542,212,080.83","310,375,326"
21060,2021-05-29,09 13 25 31 33,03 07,"509,405,220.73","328,214,576"
21061,2021-05-31,15 19 20 26 32,04 07,"502,877,803.60","304,392,970"
21062,2021-06-02,04 06 23 32 34,05 07,"525,343,538.12","302,275,847"
21063,2021-06-05,05 09 14 29 30,09 11,"500,754,392.06","320,996,162"
21064,2021-06-07,01 17 19 32 34,06 10,"546,378,196.50","294,413,689"
21065,2021-06-09,23 25 30 31 35,07 08,"539,311,034.33","297,780,859"
21066,2021-06-12,24 26 29 34 35,09 11,"506,581,578.84","311,082,841"
21067,2021-06-14,01 04 22 23 34,08 09,"558,289,398.40","281,023,856"
21068,2021-06-16,02 20 21 26 30,02 10,"527,817,203.45","291,893,269"
21069,2021-06-19,01 03 24 32 33,04 06,"554,239,484.49","314,771,219"
21070,2021-06-21,03 20 21 22 24,06 12,"612,658,365.61","289,443,325"
21071,2021-06-23,08 11 16 29 35,01 04,"596,211,840.48","285,731,730"
21072,2021-06-26,02 03 15 22 26,03 11,"627,008,381.09","303,912,550"
21073,2021-06-28,08 12 14 20 24,06 10,"657,298,888.03","280,274,335"
21074,2021-06-30,11 14 18 20 25,03 07,"700,603,888.99","289,189,592"
21075,2021-07-03,06 14 15 17 20,01 05,"752,135,503.11","306,666,791"
21076,2021-07-05,06 13 22 25 26,02 04,"775,457,206.18","281,760,059"
21077,2021-07-07,02 06 09 21 25,06 08,"789,285,714.35","279,629,097"
21078,2021-07-10,02 08 17 19 25,01 05,"821,042,099.26","302,960,803"
21079,2021-07-12,06 14 19 26 33,08 11,"802,121,550.54","279,520,279"
21080,2021-07-14,15 16 20 29 30,06 10,"767,631,447.82","276,105,107"
21081,2021-07-17,05 13 24 29 35,07 08,"807,325,943.55","301,662,622"
21082,2021-07-19,01 14 22 29 33,03 10,"747,230,175.62","278,896,069"
21083,2021-07-21,07 09 11 26 35,01 08,"759,158,453.25","272,635,093"
21084,2021-07-24,02 10 14 30 33,06 09,"763,493,931.86","290,591,822"
21085,2021-07-26,01 12 15 26 35,10 11,"775,634,441.02","270,848,072"
21086,2021-07-28,02 03 07 16 17,06 10,"822,607,828.27","272,160,233"
21087,2021-07-31,10 14 15 25 28,03 10,"797,251,485.10","290,446,990"
21088,2021-08-02,02 14 31 34 35,01 07,"822,562,305.49","264,720,425"
21089,2021-08-04,01 17 24 28 35,10 12,"851,200,235.11","269,906,690"
21090,2021-08-07,06 07 19 26 32,06 12,"880,472,277.72","289,448,960"
21091,2021-08-09,01 04 10 21 29,03 05,"877,764,456.13","272,675,404"
21092,2021-08-11,12 14 27 28 34,03 07,"907,549,564.31","281,386,147"
21093,2021-08-14,20 25 27 28 31,08 11,"948,527,899.75","302,609,762"
21094,2021-08-16,05 06 24 27 33,05 12,"931,384,310.15","275,141,551"
21095,2021-08-18,10 15 19 20 30,11 12,"962,561,875.79","279,549,610"
21096,2021-08-21,07 08 10 20 21,01 05,"927,073,812.26","297,348,639"
21097,2021-08-23,11 26 30 31 33,03 10,"975,519,759.75","272,897,259"
21098,2021-08-25,02 07 21 27 33,07 09,"1,007,650,453.08","276,951,852"
21099,2021-08-28,15 19 27 28 30,03 04,"1,062,893,864.62","303,058,009"
21100,2021-08-30,07 11 23 26 28,02 07,"1,059,494,717.70","280,471,793"
21101,2021-09-01,13 18 19 27 32,06 11,"1,043,300,674.47","281,242,026"
21102,2021-09-04,02 08 11 16 23,02 07,"982,320,278.84","305,869,819"
21103,2021-09-06,04 10 23 30 31,05 11,"1,037,062,397.49","282,429,778"
21104,2021-09-08,23 25 26 30 33,03 11,"1,086,226,837.49","286,479,253"
21105,2021-09-11,07 10 11 17 18,04 09,"1,087,468,356.52","304,015,740"
21106,2021-09-13,02 13 14 32 34,02 12,"1,149,093,887.88","276,794,901"
21107,2021-09-15,03 05 13 20 25,07 11,"1,105,541,509.15","281,751,709"
21108,2021-09-18,05 19 22 26 35,02 06,"1,069,829,501.49","303,354,020"
21109,2021-09-20,03 04 07 27 31,06 09,"1,073,585,145.39","265,547,489"
21110,2021-09-22,11 14 29 31 32,11 12,"1,046,721,833.88","276,544,919"
21111,2021-09-25,07 08 15 19 28,08 09,"995,038,782.53","305,345,840"
21112,2021-09-27,18 21 22 23 35,11 12,"1,058,537,381.01","283,298,709"
21113,2021-09-29,17 18 25 27 28,04 08,"1,035,393,331.05","283,440,028"
21114,2021-10-06,08 09 13 29 30,01 11,"1,081,182,210.09","283,727,610"
21115,2021-10-09,08 13 19 20 29,06 10,"1,111,593,015.51","299,770,302"
21116,2021-10-11,04 25 28 29 35,03 11,"1,151,852,869.52","279,695,241"
21117,2021-10-13,11 18 21 22 33,05 06,"1,124,390,424.96","279,505,700"
21118,2021-10-16,14 17 18 28 34,02 03,"1,146,057,645.59","302,397,723"
21119,2021-10-18,01 02 09 16 30,09 10,"1,157,376,911.64","290,165,267"
21120,2021-10-20,05 10 21 25 31,05 11,"1,120,909,519.29","285,711,031"
21121,2021-10-23,02 15 19 29 30,02 09,"1,146,249,375.71","313,275,937"
21122,2021-10-25,14 15 26 27 29,04 05,"1,186,675,748.27","294,005,109"
21123,2021-10-27,08 23 26 27 33,08 09,"1,210,823,709.96","296,213,304"
21124,2021-10-30,10 17 22 25 35,07 09,"1,239,396,849.23","314,165,395"
21125,2021-11-01,17 19 21 27 31,04 09,"1,288,689,189.63","285,946,298"
21126,2021-11-03,01 11 12 34 35,09 12,"1,337,033,731.65","289,363,128"
21127,2021-11-06,01 02 15 17 26,02 11,"1,374,522,133.98","305,525,077"
21128,2021-11-08,14 17 18 23 27,05 08,"1,337,287,551.46","282,038,607"
21129,2021-11-10,02 16 17 18 34,04 10,"1,403,814,394.73","294,268,030"
21130,2021-11-13,02 03 14 27 28,05 10,"1,329,267,789.03","317,382,301"
21131,2021-11-15,06 08 16 34 35,05 06,"1,360,443,412.46","296,451,386"
21132,2021-11-17,04 21 28 29 33,03 11,"1,318,930,415.88","297,729,643"
21133,2021-11-20,08 09 17 26 28,06 08,"1,243,590,906.93","327,493,668"
21134,2021-11-22,02 06 14 19 28,01 06,"1,248,689,538.91","308,110,428"
21135,2021-11-24,04 07 17 29 31,05 06,"1,262,006,660.75","314,847,908"
21136,2021-11-27,08 12 19 27 33,02 05,"1,292,130,528.96","327,765,275"
21137,2021-11-29,02 07 13 14 19,04 05,"1,263,704,189.15","302,260,255"
21138,2021-12-01,09 11 12 15 31,05 11,"1,273,167,982.95","303,548,798"
21139,2021-12-04,05 13 18 23 34,08 09,"1,083,766,581.13","328,551,201"
21140,2021-12-06,05 24 26 33 35,09 12,"1,116,819,863.25","305,536,538"
21141,2021-12-08,02 08 16 29 34,05 12,"1,157,697,510.70","303,700,722"
21142,2021-12-11,11 13 17 19 25,02 09,"1,152,884,152.84","321,224,093"
21143,2021-12-13,09 17 19 29 34,04 11,"1,104,620,668.10","295,955,136"
21144,2021-12-15,03 20 25 30 34,02 09,"1,153,487,670.37","307,637,069"
21145,2021-12-18,03 08 25 29 30,01 06,"1,160,533,245.59","320,066,364"
21146,2021-12-20,03 05 08 18 20,09 11,"1,139,389,366.87","293,542,849"
21147,2021-12-22,01 02 08 12 26,01 07,"1,156,628,877.47","294,787,629"
21148,2021-12-25,01 04 12 16 29,04 08,"1,140,109,035.45","309,690,271"
21149,2021-12-27,20 26 28 30 35,10 11,"1,187,821,356.57","288,342,246"
21150,2021-12-29,04 10 11 23 26,07 10,"1,187,065,937.81","297,315,273"
22001,2022-01-01,08 11 19 22 29,03 11,"1,129,936,273.17","323,959,870"
22002,2022-01-03,04 06 07 09 24,04 12,"1,108,263,190.91","293,300,380"
22003,2022-01-05,02 18 24 25 34,08 12,"1,117,630,715.55","293,411,992"
22004,2022-01-08,07 20 27 30 33,03 04,"1,161,605,667.16","318,985,651"
22005,2022-01-10,02 13 17 19 34,05 09,"1,082,745,176.21","290,292,047"
22006,2022-01-12,01 05 07 17 20,05 12,"1,126,455,275.17","292,369,845"
22007,2022-01-15,05 22 23 25 35,03 11,"1,166,246,610.02","314,958,868"
22008,2022-01-17,01 02 13 18 34,06 07,"1,212,783,541.04","288,005,510"
22009,2022-01-19,13 14 18 31 33,07 10,"1,189,540,601.43","295,315,583"
22010,2022-01-22,04 19 25 31 35,02 11,"1,227,756,664.06","305,997,751"
22011,2022-01-24,03 05 17 24 32,05 12,"1,215,311,646.60","288,813,273"
22012,2022-01-26,03 05 10 33 34,07 10,"1,225,396,764.70","327,170,573"
22013,2022-02-09,04 09 16 25 32,05 06,"1,165,497,778.65","328,606,125"
22014,2022-02-12,01 04 10 18 32,01 09,"1,196,232,916.83","297,471,147"
22015,2022-02-14,01 02 08 12 30,05 12,"1,101,484,790.02","274,855,255"
22016,2022-02-16,01 07 17 26 32,01 09,"1,140,211,944.72","285,216,427"
22017,2022-02-19,10 14 18 23 25,07 11,"1,134,950,927.56","295,313,318"
22018,2022-02-21,16 21 29 31 34,06 09,"1,095,457,117.05","272,144,024"
22019,2022-02-23,01 04 07 17 21,01 02,"1,075,854,770.58","287,443,310"
22020,2022-02-26,16 17 30 31 35,08 09,"1,103,146,928.14","302,088,019"
22021,2022-02-28,11 15 16 18 35,06 09,"1,125,876,145.70","281,794,671"
22022,2022-03-02,01 05 14 17 28,06 07,"1,125,444,965.12","290,445,482"
22023,2022-03-05,04 05 18 20 25,11 12,"1,092,622,292.93","308,200,898"
22024,2022-03-07,01 02 11 30 35,01 12,"1,140,166,345.77","282,564,402"
22025,2022-03-09,04 07 22 24 29,01 07,"1,186,204,971.21","287,810,009"
22026,2022-03-12,11 14 22 23 27,08 10,"1,190,311,490.14","302,400,234"
22027,2022-03-14,03 06 11 31 32,05 12,"1,172,229,996.66","272,660,463"
22028,2022-03-16,04 09 16 17 35,01 07,"1,160,852,484.28","271,216,347"
22029,2022-03-19,07 08 10 14 17,10 12,"1,179,206,273.86","287,037,282"
22030,2022-03-21,12 14 15 21 30,01 09,"1,205,677,592.73","264,133,524"
22031,2022-03-23,07 14 16 20 28,04 08,"1,208,966,802.16","275,183,386"
22032,2022-03-26,05 09 18 31 32,01 05,"1,270,429,256.90","293,074,610"
22033,2022-03-28,08 15 16 19 33,03 04,"1,255,163,229.82","271,656,444"
22034,2022-03-30,02 10 24 27 28,06 07,"1,248,571,195.23","276,331,348"
22035,2022-04-02,09 11 13 23 31,05 08,"1,262,351,648.20","278,506,614"
22036,2022-04-04,18 19 21 26 34,06 07,"1,288,426,891.93","248,062,195"
22037,2022-04-06,01 09 17 20 28,06 10,"1,326,357,581.54","255,392,443"
22038,2022-04-09,07 09 11 12 26,09 12,"1,218,640,918.48","277,396,313"
22039,2022-04-11,01 08 11 22 31,05 11,"1,238,597,563.36","256,237,338"
22040,2022-04-13,10 19 25 29 33,08 12,"1,179,022,270.45","326,654,540"
22041,2022-04-16,05 15 25 26 33,06 11,"1,182,772,175.92","353,526,676"
22042,2022-04-18,08 10 11 29 32,02 06,"1,179,249,861.19","323,544,249"
22043,2022-04-20,02 16 17 24 30,09 12,"1,106,933,108.19","322,417,914"
22044,2022-04-23,01 02 16 17 20,03 07,"1,132,266,362.38","351,891,169"
22045,2022-04-25,02 03 07 12 20,01 05,"1,184,751,389.21","322,807,049"
22046,2022-04-27,06 07 12 22 27,03 05,"1,151,734,276.01","319,329,723"
22047,2022-04-30,07 10 11 12 33,03 11,"1,179,450,986.29","333,697,226"
22048,2022-05-02,16 22 28 29 32,08 09,"1,221,336,676.21","291,309,246"
22049,2022-05-04,06 10 20 28 35,01 10,"1,238,138,013.76","301,545,430"
22050,2022-05-07,02 10 21 24 30,08 10,"1,265,185,550.03","348,959,440"
22051,2022-05-09,01 16 17 19 33,05 06,"1,225,933,266.64","304,581,312"
22052,2022-05-11,01 13 18 29 35,04 09,"1,198,829,807.29","310,675,547"
22053,2022-05-14,09 17 19 20 25,01 09,"1,081,408,712.72","344,052,818"
22054,2022-05-16,05 16 21 23 34,07 10,"958,213,629.63","319,626,218"
22055,2022-05-18,01 02 12 15 23,04 06,"971,105,598.60","327,354,148"
22056,2022-05-21,02 11 15 17 31,07 09,"1,056,706,742.26","357,963,502"
22057,2022-05-23,06 12 18 21 35,07 10,"1,050,548,455.41","321,743,486"
22058,2022-05-25,03 04 24 26 35,07 08,"1,014,062,807.45","315,162,700"
22059,2022-05-28,04 15 18 32 34,04 09,"1,042,057,372.73","360,168,383"
22060,2022-05-30,02 06 10 11 20,03 09,"1,073,598,422.82","299,617,214"
22061,2022-06-01,06 09 19 22 30,01 06,"1,050,658,907","291,593,427"
22062,2022-06-04,05 09 11 12 31,07 11,"1,055,150,107.74","317,092,728"
22063,2022-06-06,02 03 22 26 31,06 10,"1,094,156,707.88","298,558,863"
22064,2022-06-08,02 19 22 25 35,05 07,"1,156,831,124.52","302,545,998"
22065,2022-06-11,05 10 13 22 28,01 04,"1,205,499,301.06","322,990,947"
22066,2022-06-13,02 24 25 26 34,03 12,"1,257,070,426.73","300,292,058"
22067,2022-06-15,04 14 15 32 33,10 11,"1,213,949,798.85","295,204,928"
22068,2022-06-18,03 06 10 15 23,03 08,"1,230,825,950.08","322,509,914"
22069,2022-06-20,02 03 23 28 35,02 09,"1,252,345,739.23","293,067,958"
22070,2022-06-22,01 07 17 23 35,07 11,"1,240,666,270.84","288,052,831"
22071,2022-06-25,09 15 19 25 29,08 09,"722,042,898.53","306,432,833"
22072,2022-06-27,01 12 13 15 30,03 07,"754,035,319.29","285,522,661"
22073,2022-06-29,11 18 21 25 32,02 04,"795,817,234.53","287,420,936"
22074,2022-07-02,02 06 21 25 28,02 06,"812,683,583.45","305,228,062"
22075,2022-07-04,04 12 13 17 18,07 09,"831,794,198.12","280,513,406"
22076,2022-07-06,05 17 30 34 35,02 09,"853,413,998.84","279,968,673"
22077,2022-07-09,05 10 11 16 19,01 10,"822,341,601.26","303,064,936"
22078,2022-07-11,02 03 18 20 27,01 02,"857,454,985.83","277,517,440"
22079,2022-07-13,07 10 19 26 32,08 12,"814,806,479.61","274,537,529"
22080,2022-07-16,10 17 30 31 34,03 06,"854,183,132.28","297,387,957"
22081,2022-07-18,05 10 19 31 32,09 10,"656,541,909.58","275,005,199"
22082,2022-07-20,04 26 27 30 33,02 09,"683,037,489.26","273,662,938"
22083,2022-07-23,02 09 17 26 32,04 06,"694,213,667.56","294,221,785"
22084,2022-07-25,03 11 19 25 27,04 12,"725,347,023.25","273,954,096"
22085,2022-07-27,11 16 31 33 35,06 08,"779,393,038.82","272,086,013"
22086,2022-07-30,04 10 21 28 31,08 11,"794,672,440.52","297,073,867"
22087,2022-08-01,04 06 10 24 28,06 12,"840,840,031.65","274,453,796"
22088,2022-08-03,01 08 10 20 35,06 11,"812,522,097.17","265,773,772"
22089,2022-08-06,01 20 21 31 33,03 11,"884,490,880.76","283,719,023"
22090,2022-08-08,01 20 24 25 31,09 12,"912,078,543.50","267,762,065"
22091,2022-08-10,02 11 20 22 34,04 12,"892,175,409.44","264,872,501"
22092,2022-08-13,01 04 12 23 29,05 12,"924,505,092.44","284,162,500"
22093,2022-08-15,07 11 14 21 29,07 10,"835,132,342.35","263,859,632"
22094,2022-08-17,03 04 07 12 19,02 05,"765,240,459.43","263,091,435"
22095,2022-08-20,05 08 22 25 35,02 07,"779,067,574.97","285,755,605"
22096,2022-08-22,16 19 24 27 33,01 06,"818,056,288.32","265,333,149"
22097,2022-08-24,05 13 22 28 29,05 11,"812,318,845.97","265,903,896"
22098,2022-08-27,01 03 06 11 13,03 11,"808,652,607.22","290,597,334"
22099,2022-08-29,07 18 25 27 33,04 05,"828,721,804.33","262,403,522"
22100,2022-08-31,10 19 20 23 31,03 07,"778,544,296.17","263,081,270"
22101,2022-09-03,02 04 06 07 08,03 06,"795,328,775.67","285,323,196"
22102,2022-09-05,01 05 14 20 30,02 04,"802,491,817.95","254,102,938"
22103,2022-09-07,08 12 16 21 32,01 12,"828,275,399.62","257,860,867"
22104,2022-09-10,03 05 13 19 25,02 05,"815,868,126.59","278,107,743"
22105,2022-09-12,01 08 09 21 22,01 04,"797,227,537.62","261,227,681"
22106,2022-09-14,16 17 21 28 32,04 07,"817,054,416.65","263,686,397"
22107,2022-09-17,07 09 19 28 29,08 10,"771,831,893.27","289,183,885"
22108,2022-09-19,04 07 13 26 28,07 11,"796,949,041.90","270,398,530"
22109,2022-09-21,05 09 24 29 35,05 12,"726,986,669.25","274,478,389"
22110,2022-09-24,02 13 16 18 23,03 06,"741,140,375.95","293,502,614"
22111,2022-09-26,06 12 16 19 31,06 10,"770,835,538.84","275,608,888"
22112,2022-09-28,04 11 18 20 26,06 12,"782,148,236.89","277,451,326"
22113,2022-10-05,13 15 22 31 33,05 12,"816,761,134.28","276,092,506"
22114,2022-10-08,11 21 24 27 28,05 10,"850,606,831.09","279,880,005"
22115,2022-10-10,17 19 20 23 27,03 08,"876,900,512.54","264,625,441"
22116,2022-10-12,01 07 20 22 31,07 12,"903,895,960.47","268,635,897"
22117,2022-10-15,09 12 15 21 32,02 07,"943,874,218.60","288,760,077"
22118,2022-10-17,02 05 15 17 26,02 08,"980,149,419.52","266,205,201"
22119,2022-10-19,01 09 16 25 29,04 09,"935,330,701.36","265,928,079"
22120,2022-10-22,11 22 26 30 33,03 05,"785,438,059.18","297,092,815"
22121,2022-10-24,04 15 16 20 21,04 05,"808,811,731.54","273,260,256"
22122,2022-10-26,04 15 17 19 25,06 12,"833,361,576.04","274,529,792"
22123,2022-10-29,02 20 28 29 30,07 10,"807,264,781.73","305,820,352"
22124,2022-10-31,02 04 11 25 30,06 12,"829,363,342.19","280,957,519"
22125,2022-11-02,03 07 14 16 19,01 11,"847,578,280.31","281,402,027"
22126,2022-11-05,04 05 08 22 35,01 03,"858,035,622.37","302,545,991"
22127,2022-11-07,02 03 08 09 20,04 10,"898,918,318.08","281,679,123"
22128,2022-11-09,10 19 21 23 35,04 10,"971,487,159.52","287,676,329"
22129,2022-11-12,10 17 23 34 35,01 04,"1,037,498,580.49","296,103,979"
22130,2022-11-14,05 07 15 18 23,05 10,"1,072,190,623.65","276,026,401"
22131,2022-11-16,02 06 08 10 17,05 06,"1,023,428,077.10","280,955,531"
22132,2022-11-19,02 27 30 34 35,09 12,"1,087,727,608.19","303,478,141"
22133,2022-11-21,01 02 14 30 31,06 09,"1,126,501,374.52","268,194,352"
22134,2022-11-23,03 16 23 27 32,03 06,"1,082,667,691.29","260,504,803"
22135,2022-11-26,09 10 27 31 32,01 03,"1,072,783,224.93","276,637,790"
22136,2022-11-28,01 11 15 17 33,03 11,"1,089,020,630.41","243,043,220"
22137,2022-11-30,05 06 08 15 20,07 08,"1,041,138,782.99","236,652,115"
22138,2022-12-03,05 13 16 27 33,07 12,"983,440,468.09","263,569,680"
22139,2022-12-05,01 13 14 22 35,02 05,"1,016,097,851.23","249,420,144"
22140,2022-12-07,05 15 25 26 29,04 12,"984,601,777.52","263,913,540"
22141,2022-12-10,05 06 14 24 25,02 04,"1,047,136,066.48","280,927,317"
22142,2022-12-12,07 12 14 29 35,01 11,"1,078,507,658.16","261,964,327"
22143,2022-12-14,10 13 14 27 33,07 08,"1,091,325,801.32","250,946,991"
22144,2022-12-17,03 04 08 15 21,04 07,"1,077,698,266.51","254,622,809"
22145,2022-12-19,10 20 29 30 35,06 09,"1,054,075,162.55","235,282,028"
22146,2022-12-21,01 21 23 28 35,07 09,"1,091,896,945.67","226,981,538"
22147,2022-12-24,04 12 22 28 30,09 11,"1,126,392,172.08","242,212,561"
22148,2022-12-26,04 05 06 26 27,07 12,"1,098,940,648.32","222,561,477"
22149,2022-12-28,15 19 22 26 28,02 07,"1,073,084,049.88","227,015,437"
22150,2022-12-31,06 07 26 29 30,03 12,"1,071,397,015.78","267,131,944"
23001,2023-01-02,18 19 24 27 34,11 12,"1,124,542,797.38","244,595,607"
23002,2023-01-04,11 14 21 26 27,02 07,"1,153,840,957.44","255,061,637"
23003,2023-01-07,05 06 14 21 22,02 09,"1,140,824,557.86","281,549,083"
23004,2023-01-09,04 13 15 20 22,04 08,"1,157,028,435.66","258,433,073"
23005,2023-01-11,01 03 10 20 29,06 11,"1,150,759,496.08","271,728,892"
23006,2023-01-14,02 04 12 27 35,06 07,"1,166,367,354.78","286,730,809"
23007,2023-01-16,02 03 24 30 32,01 06,"1,214,621,616.68","270,298,202"
23008,2023-01-18,04 09 17 22 25,01 05,"1,153,640,352.57","322,639,161"
23009,2023-01-30,01 05 11 15 33,01 10,"1,167,513,305.02","288,306,205"
23010,2023-02-01,05 06 13 23 26,01 06,"1,144,740,863.03","272,385,898"
23011,2023-02-04,02 07 08 17 25,01 03,"1,156,695,738.61","297,936,990"
23012,2023-02-06,07 16 17 18 28,02 03,"1,048,716,293.80","274,786,290"
23013,2023-02-08,01 02 09 23 25,02 06,"1,040,036,601.76","290,272,193"
23014,2023-02-11,03 08 18 22 24,01 09,"1,037,380,726.45","308,698,349"
23015,2023-02-13,08 16 24 25 34,08 12,"1,006,012,729.20","286,304,176"
23016,2023-02-15,02 04 12 31 32,07 11,"929,208,065.35","294,344,609"
23017,2023-02-18,02 05 09 22 27,10 11,"709,369,027.01","325,814,136"
23018,2023-02-20,04 08 17 26 30,03 11,"732,297,153.78","297,501,654"
23019,2023-02-22,05 08 09 11 15,06 08,"706,197,256.79","298,433,689"
23020,2023-02-25,05 06 23 25 28,06 09,"648,355,013.37","323,977,748"
23021,2023-02-27,02 09 18 23 27,03 05,"648,618,913.39","304,448,024"
23022,2023-03-01,07 11 15 26 28,08 10,"656,985,938.78","304,855,393"
23023,2023-03-04,09 21 23 25 33,03 10,"641,960,896.09","327,693,006"
23024,2023-03-06,11 15 24 27 30,01 10,"662,152,862.38","299,898,051"
23025,2023-03-08,03 09 27 30 31,11 12,"667,313,212.93","298,831,206"
23026,2023-03-11,02 13 24 27 30,01 06,"733,932,864.84","316,826,904"
23027,2023-03-13,09 10 12 15 23,03 06,"734,749,840.59","288,212,889"
23028,2023-03-15,01 03 29 30 34,04 12,"807,820,511.36","293,553,586"
23029,2023-03-18,07 25 27 34 35,09 11,"873,738,106.45","309,186,270"
23030,2023-03-20,06 11 12 20 35,05 12,"880,358,984.23","291,586,529"
23031,2023-03-22,05 07 08 16 25,03 11,"861,440,447.46","287,302,404"
23032,2023-03-25,05 06 18 28 30,02 07,"771,590,189.93","308,131,139"
23033,2023-03-27,04 06 10 11 25,07 09,"787,964,749.81","289,373,837"
23034,2023-03-29,07 09 10 15 24,04 12,"803,285,352.70","287,732,716"
23035,2023-04-01,07 14 23 25 29,02 11,"790,017,644.64","310,558,399"
23036,2023-04-03,01 13 22 26 31,02 10,"752,208,151.04","285,032,829"
23037,2023-04-05,06 08 16 20 24,07 08,"768,030,435.90","284,657,775"
23038,2023-04-08,04 10 18 27 32,10 12,"806,289,674.33","311,720,942"
23039,2023-04-10,02 24 26 30 34,06 07,"869,785,636.84","368,190,696"
23040,2023-04-12,04 05 18 22 30,05 12,"827,601,739.51","369,110,639"
23041,2023-04-15,05 08 13 26 35,05 09,"794,168,912.22","389,220,667"
23042,2023-04-17,02 16 21 23 27,01 08,"828,299,303.69","362,398,489"
23043,2023-04-19,02 04 17 20 27,01 08,"853,496,451.85","356,711,435"
23044,2023-04-22,02 06 07 08 15,07 10,"868,495,061.73","378,830,462"
23045,2023-04-24,07 10 13 28 31,04 05,"855,642,317.06","346,712,734"
23046,2023-04-26,13 21 25 28 32,02 10,"948,200,742.09","352,135,852"
23047,2023-04-29,10 12 13 24 25,11 12,"952,628,083.51","362,544,707"
23048,2023-05-01,07 13 16 25 32,09 11,"994,472,934.30","313,990,124"
23049,2023-05-03,03 17 22 26 28,07 12,"997,411,126.33","331,270,234"
23050,2023-05-06,08 09 14 25 29,04 06,"1,005,750,816.44","375,710,449"
23051,2023-05-08,03 11 19 29 33,03 12,"859,364,126.46","349,432,627"
23052,2023-05-10,02 08 11 30 33,05 08,"854,240,159.11","355,627,104"
23053,2023-05-13,01 03 11 14 20,02 11,"892,267,763.87","372,295,609"
23054,2023-05-15,19 25 30 31 34,07 09,"874,577,473.87","350,143,702"
23055,2023-05-17,06 08 12 13 15,01 06,"856,791,468.88","350,342,112"
23056,2023-05-20,13 22 24 33 34,01 02,"920,035,696.74","398,657,811"
23057,2023-05-22,01 05 06 19 24,05 11,"903,873,949.54","344,889,264"
23058,2023-05-24,19 22 29 32 35,05 08,"872,966,224.60","363,828,515"
23059,2023-05-27,09 13 23 25 28,04 07,"812,443,525.01","358,763,124"
23060,2023-05-29,02 07 19 24 30,09 12,"688,684,878.15","310,894,364"
23061,2023-05-31,07 11 21 30 32,05 07,"750,108,293.03","309,303,838"
23062,2023-06-03,06 08 22 24 30,01 08,"758,202,286.81","326,064,748"
23063,2023-06-05,04 18 29 31 34,06 09,"758,945,368.33","302,254,758"
23064,2023-06-07,02 06 09 31 32,03 07,"747,516,040","306,244,331"
23065,2023-06-10,08 14 16 21 25,03 12,"807,401,652.03","326,869,150"
23066,2023-06-12,06 11 13 30 32,01 03,"846,071,268.24","311,912,224"
23067,2023-06-14,02 28 30 33 35,02 10,"877,298,736.71","306,580,086"
23068,2023-06-17,21 22 24 27 31,07 08,"874,858,098.72","323,126,932"
23069,2023-06-19,08 20 21 25 32,05 07,"908,523,228.30","295,437,282"
23070,2023-06-21,10 26 29 32 33,03 11,"896,500,867.52","299,252,381"
23071,2023-06-24,02 11 12 32 34,10 12,"901,185,515.05","317,016,133"
23072,2023-06-26,05 06 09 11 14,02 04,"932,426,488.55","303,438,691"
23073,2023-06-28,15 25 28 30 35,08 10,"940,619,193.45","300,986,764"
23074,2023-07-01,03 13 22 29 34,02 09,"959,326,220.29","317,553,672"
23075,2023-07-03,07 17 20 23 32,05 11,"917,148,171.29","291,887,672"
23076,2023-07-05,08 09 11 26 34,02 07,"948,501,277.04","299,341,312"
23077,2023-07-08,05 16 18 26 35,03 06,"880,499,424.63","310,865,876"
23078,2023-07-10,02 03 06 26 27,07 08,"846,788,540.97","290,049,087"
23079,2023-07-12,06 08 26 29 34,05 08,"860,725,831.35","297,882,990"
23080,2023-07-15,01 02 09 16 30,01 11,"899,395,409.69","319,156,762"
23081,2023-07-17,05 06 23 28 35,07 10,"841,378,608.77","293,496,142"
23082,2023-07-19,02 08 09 15 20,03 09,"827,085,116.17","299,141,777"
23083,2023-07-22,13 15 21 25 32,09 10,"790,074,141","317,082,009"
23084,2023-07-24,03 05 08 24 32,07 08,"809,598,278.97","290,429,825"
23085,2023-07-26,11 12 26 31 35,05 07,"862,163,414.85","293,963,316"
23086,2023-07-29,03 11 15 20 35,07 11,"864,979,868.30","311,653,031"
23087,2023-07-31,03 04 16 19 24,04 05,"895,827,940.12","286,062,808"
23088,2023-08-02,08 14 16 22 24,09 12,"871,592,817.09","287,409,545"
23089,2023-08-05,03 12 20 26 35,02 12,"904,845,173.55","306,682,199"
23090,2023-08-07,08 11 12 19 35,11 12,"762,647,025.01","280,933,706"
23091,2023-08-09,06 16 18 28 29,07 11,"755,893,826.49","289,311,919"
23092,2023-08-12,03 16 21 26 32,03 12,"795,974,256.08","306,558,540"
23093,2023-08-14,11 14 17 19 21,01 05,"816,338,505.60","286,169,239"
23094,2023-08-16,12 19 22 28 32,08 12,"867,355,969.44","285,551,526"
23095,2023-08-19,08 19 28 32 34,03 07,"915,556,976.41","307,851,614"
23096,2023-08-21,06 07 14 21 31,03 10,"966,376,074.66","282,075,812"
23097,2023-08-23,06 07 18 20 22,03 09,"958,839,854.22","283,734,165"
23098,2023-08-26,02 07 15 30 34,05 09,"933,433,567.48","304,752,327"
23099,2023-08-28,09 11 13 22 23,06 07,"830,398,089.02","282,172,880"
23100,2023-08-30,04 06 13 19 35,09 11,"888,328,938.21","286,977,321"
23101,2023-09-02,06 14 16 17 28,07 10,"893,838,613.68","315,967,170"
23102,2023-09-04,02 04 07 16 33,07 11,"943,721,191.61","295,396,987"
23103,2023-09-06,08 11 19 31 32,08 11,"920,553,792.80","294,563,981"
23104,2023-09-09,06 15 16 32 33,08 10,"772,096,221.92","315,933,686"
23105,2023-09-11,07 08 19 20 25,02 11,"594,852,806.89","294,104,641"
23106,2023-09-13,16 24 26 28 31,01 06,"663,727,793.85","300,068,817"
23107,2023-09-16,01 12 15 16 18,03 10,"728,703,279.06","324,896,606"
23108,2023-09-18,05 06 17 30 32,02 08,"734,949,392.01","301,547,351"
23109,2023-09-20,01 12 21 22 31,02 09,"769,146,800.78","300,583,964"
23110,2023-09-23,04 09 11 13 17,07 08,"799,033,238.14","316,886,671"
23111,2023-09-25,03 12 15 28 35,02 12,"826,081,056.26","294,847,714"
23112,2023-09-27,01 11 17 22 27,02 09,"843,710,764.94","294,348,984"
23113,2023-09-30,06 08 30 32 33,03 10,"824,494,855.96","299,774,264"
23114,2023-10-07,02 25 27 30 35,01 10,"877,911,007.72","324,479,019"
23115,2023-10-09,07 10 23 31 34,02 10,"840,443,520.61","292,932,368"
23116,2023-10-11,01 03 09 18 29,04 09,"814,561,509.87","300,369,085"
23117,2023-10-14,05 07 15 18 20,03 04,"833,842,003.69","323,243,808"
23118,2023-10-16,06 07 13 25 33,05 08,"800,852,860.91","298,333,764"
23119,2023-10-18,04 08 10 14 21,04 10,"812,121,301.40","302,972,888"
23120,2023-10-21,02 08 16 31 34,01 10,"864,940,794.90","318,242,674"
23121,2023-10-23,05 11 15 23 33,01 09,"828,549,499.24","305,281,727"
23122,2023-10-25,01 07 09 25 29,10 12,"852,345,166.13","302,656,130"
23123,2023-10-28,02 14 16 28 30,02 07,"865,257,536","325,381,412"
23124,2023-10-30,06 18 23 27 32,06 10,"891,019,556.12","308,575,993"
23125,2023-11-01,07 25 26 29 32,02 08,"942,573,826.59","317,245,687"
23126,2023-11-04,07 12 17 26 34,02 06,"901,877,083.90","333,657,269"
23127,2023-11-06,04 07 08 18 19,02 06,"926,105,316.08","301,104,265"
23128,2023-11-08,01 05 07 12 13,02 06,"951,297,117.90","304,299,864"
23129,2023-11-11,09 23 25 27 33,06 12,"996,449,655.95","330,972,531"
23130,2023-11-13,13 20 27 29 30,01 07,"1,023,653,096.28","307,985,223"
23131,2023-11-15,03 07 21 22 24,06 07,"1,049,374,830.96","311,865,692"
23132,2023-11-18,03 04 12 15 23,02 06,"1,084,953,128.53","335,031,221"
23133,2023-11-20,10 18 25 28 33,05 11,"1,062,683,066.46","316,833,724"
23134,2023-11-22,10 15 22 27 33,01 12,"1,094,743,540.59","326,277,594"
23135,2023-11-25,05 18 22 28 29,09 12,"1,004,596,055","342,060,398"
23136,2023-11-27,13 23 27 30 34,06 09,"1,020,724,605.43","324,906,521"
23137,2023-11-29,04 19 21 30 31,06 12,"1,023,516,740.73","314,969,674"
23138,2023-12-02,07 12 20 28 31,09 10,"1,063,005,169.90","330,230,586"
23139,2023-12-04,15 16 25 31 34,05 09,"1,053,823,169.28","306,026,254"
23140,2023-12-06,01 02 09 19 30,01 02,"1,043,730,971.65","311,212,097"
23141,2023-12-09,04 22 25 30 31,04 05,"1,062,646,770.45","326,977,354"
23142,2023-12-11,04 13 15 17 32,10 12,"1,083,472,752.94","294,429,085"
23143,2023-12-13,09 20 23 29 33,02 10,"1,127,826,661.86","290,282,263"
23144,2023-12-16,05 14 18 25 35,01 10,"1,134,916,198.28","305,447,538"
23145,2023-12-18,06 10 12 32 33,06 07,"1,141,903,902.28","281,788,090"
23146,2023-12-20,14 18 19 26 31,02 07,"1,149,841,280.50","283,511,398"
23147,2023-12-23,06 07 19 33 34,03 08,"1,139,271,874.99","300,086,203"
23148,2023-12-25,11 12 20 21 27,02 12,"1,124,396,079.82","288,709,459"
23149,2023-12-27,01 16 17 21 29,01 06,"1,103,823,972.69","287,474,518"
23150,2023-12-30,05 06 17 18 33,11 12,"1,123,526,130.91","314,687,875"
24001,2024-01-01,03 09 17 26 35,02 07,"1,097,128,760.99","288,568,779"
24002,2024-01-03,01 06 08 27 32,03 04,"1,075,477,263.08","287,934,747"
24003,2024-01-06,07 09 12 23 29,01 02,"1,033,378,430.70","316,688,194"
24004,2024-01-08,02 06 18 19 27,08 09,"966,373,899.80","293,740,320"
24005,2024-01-10,03 05 07 09 12,05 08,"891,647,287.70","296,118,578"
24006,2024-01-13,08 13 16 17 33,02 10,"881,907,619.04","317,993,801"
24007,2024-01-15,04 05 28 34 35,04 11,"831,890,342.51","295,347,811"
24008,2024-01-17,04 06 11 20 30,03 05,"813,246,230.28","290,297,440"
24009,2024-01-20,15 18 19 24 26,05 09,"855,885,855.27","310,609,197"
24010,2024-01-22,02 08 10 15 27,02 08,"823,023,677.61","277,288,880"
24011,2024-01-24,01 03 27 32 34,01 07,"826,914,378.92","278,088,460"
24012,2024-01-27,21 22 25 26 34,01 09,"906,728,561.85","302,400,695"
24013,2024-01-29,05 22 25 28 30,03 12,"867,748,199.06","273,865,726"
24014,2024-01-31,04 05 16 21 31,09 11,"899,112,802.19","277,054,139"
24015,2024-02-03,08 11 14 24 31,05 06,"832,704,685.87","293,435,107"
24016,2024-02-05,15 18 25 27 29,06 11,"836,640,938.18","291,609,488"
24017,2024-02-07,03 07 25 27 35,01 04,"914,830,111.39","347,010,224"
24018,2024-02-19,04 12 19 25 27,01 09,"900,623,259.85","298,212,980"
24019,2024-02-21,19 20 26 29 30,03 04,"871,199,740.84","269,021,669"
24020,2024-02-24,02 04 08 19 26,02 06,"878,719,861.04","294,279,472"
24021,2024-02-26,01 12 16 20 28,07 09,"717,631,060","282,070,714"
24022,2024-02-28,07 09 11 31 32,04 08,"722,283,850.98","285,993,558"
24023,2024-03-02,08 10 12 14 22,05 09,"732,529,067.80","310,377,214"
24024,2024-03-04,03 05 12 17 26,01 12,"755,385,806.93","288,745,840"
24025,2024-03-06,01 02 08 18 27,04 08,"803,788,990.65","287,737,493"
24026,2024-03-09,01 18 21 26 33,02 12,"855,790,631.47","309,482,982"
24027,2024-03-11,08 09 16 22 23,07 09,"797,510,013.27","294,174,414"
24028,2024-03-13,13 18 20 26 28,04 08,"793,751,297.20","290,304,264"
24029,2024-03-16,04 19 24 28 34,04 05,"815,798,946.40","321,907,209"
24030,2024-03-18,08 09 11 19 30,06 12,"802,701,826.27","368,415,603"
24031,2024-03-20,09 12 15 30 34,05 06,"863,917,070.56","372,883,742"
24032,2024-03-23,05 15 26 33 35,01 09,"891,308,930.67","390,395,258"
24033,2024-03-25,04 08 10 11 15,07 09,"921,716,263.22","356,750,334"
24034,2024-03-27,23 26 27 29 33,05 08,"912,961,631.03","359,904,179"
24035,2024-03-30,05 13 17 29 33,05 12,"926,324,125.14","382,184,067"
24036,2024-04-01,02 05 11 32 34,06 10,"918,965,534.95","353,073,460"
24037,2024-04-03,17 19 20 29 35,07 11,"927,354,950.97","343,086,982"
24038,2024-04-06,15 22 24 25 29,01 05,"911,253,519.57","364,876,225"
24039,2024-04-08,03 10 11 20 22,06 10,"931,378,506.68","349,193,612"
24040,2024-04-10,05 12 16 29 30,03 06,"907,166,366.81","350,033,896"
24041,2024-04-13,06 08 14 16 28,03 05,"876,124,218.61","370,223,535"
24042,2024-04-15,01 08 15 23 35,05 12,"922,909,347.14","347,841,577"
24043,2024-04-17,03 04 08 14 27,05 07,"913,546,495.84","337,646,989"
24044,2024-04-20,03 13 15 17 22,06 10,"899,843,308.50","363,290,238"
24045,2024-04-22,09 10 14 31 32,03 08,"849,701,016.78","340,035,744"
24046,2024-04-24,06 12 17 29 30,07 11,"719,960,456.50","339,369,342"
24047,2024-04-27,11 19 21 26 35,10 11,"778,752,831.34","359,497,689"
24048,2024-04-29,12 18 21 26 28,08 09,"778,092,485.18","334,634,953"
24049,2024-05-01,04 06 09 10 22,01 08,"797,733,182.88","314,130,981"
24050,2024-05-04,03 04 14 18 26,07 09,"815,223,577.79","317,239,170"
24051,2024-05-06,05 21 22 23 29,01 02,"873,151,022","315,085,775"
24052,2024-05-08,02 03 13 22 34,04 08,"889,972,405.33","310,107,521"
24053,2024-05-11,01 07 19 20 35,03 09,"830,363,706.30","336,156,975"
24054,2024-05-13,05 06 09 11 22,01 03,"832,891,426.70","320,575,371"
24055,2024-05-15,07 17 22 30 34,05 07,"863,670,781","317,431,264"
24056,2024-05-18,16 17 18 27 35,06 12,"843,912,893.08","336,018,142"
24057,2024-05-20,09 25 30 33 34,03 09,"800,308,581.91","318,410,232"
24058,2024-05-22,06 10 13 20 32,01 02,"870,850,888.73","309,602,010"
24059,2024-05-25,17 18 20 25 31,03 12,"931,975,708.26","324,880,212"
24060,2024-05-27,03 21 25 28 30,01 12,"972,277,348.85","296,628,686"
24061,2024-05-29,01 12 19 31 33,05 08,"1,010,655,904.29","299,445,616"
24062,2024-06-01,05 14 15 16 33,03 05,"1,026,874,292.01","315,884,493"
24063,2024-06-03,07 12 16 33 34,01 03,"973,735,264.26","292,831,289"
24064,2024-06-05,05 12 21 32 33,08 09,"962,849,743.70","288,277,616"
24065,2024-06-08,05 10 18 26 27,03 06,"921,687,696.24","309,719,434"
24066,2024-06-10,13 19 20 24 25,06 07,"913,263,901.96","273,100,690"
24067,2024-06-12,03 11 14 20 22,06 09,"887,419,661.98","284,089,108"
24068,2024-06-15,15 20 31 32 33,05 10,"856,579,360.56","309,548,443"
24069,2024-06-17,07 09 16 20 24,03 07,"861,827,969.99","283,229,251"
24070,2024-06-19,04 20 21 32 34,02 09,"853,967,599.07","285,815,574"
24071,2024-06-22,06 10 15 34 35,02 10,"915,626,815.51","299,309,419"
24072,2024-06-24,04 17 21 23 32,01 06,"983,268,733.83","277,834,690"
24073,2024-06-26,07 09 12 21 23,05 09,"975,514,513.98","274,592,514"
24074,2024-06-29,02 10 11 21 27,09 11,"982,548,557.16","299,903,507"
24075,2024-07-01,08 17 26 28 32,01 10,"1,018,960,254.67","271,990,488"
24076,2024-07-03,01 06 22 27 35,07 12,"1,020,815,446.49","267,258,235"
24077,2024-07-06,01 03 25 26 29,06 12,"1,038,326,614.77","290,800,928"
24078,2024-07-08,05 07 10 14 15,04 07,"1,008,923,163.54","268,900,803"
24079,2024-07-10,03 08 17 18 23,06 11,"991,691,070.55","268,730,382"
24080,2024-07-13,03 05 24 27 28,09 11,"1,020,105,407.54","291,094,012"
24081,2024-07-15,14 15 25 27 34,01 10,"1,046,747,917.20","272,829,311"
24082,2024-07-17,08 21 23 24 26,04 05,"1,063,036,330.75","267,432,531"
24083,2024-07-20,09 11 12 13 30,07 09,"862,133,985.90","286,958,348"
24084,2024-07-22,04 11 16 17 23,05 10,"843,256,869.08","273,725,306"
24085,2024-07-24,02 09 16 29 35,01 06,"884,649,054.75","272,997,715"
24086,2024-07-27,11 12 14 22 28,07 11,"894,351,076.34","289,812,124"
24087,2024-07-29,07 10 20 28 34,05 10,"878,620,335.97","270,914,474"
24088,2024-07-31,01 02 23 28 32,03 05,"936,027,718.90","275,758,279"
24089,2024-08-03,05 06 29 30 34,07 08,"883,749,233.07","295,210,405"
24090,2024-08-05,02 03 06 28 33,07 11,"871,435,469.91","272,808,891"
24091,2024-08-07,01 08 11 17 21,01 02,"853,175,802.71","275,909,984"
24092,2024-08-10,02 04 25 26 31,01 06,"896,954,081.44","291,452,049"
24093,2024-08-12,16 24 26 28 29,08 12,"933,160,955.97","267,469,695"
24094,2024-08-14,12 13 24 29 31,02 08,"921,004,006.21","268,381,009"
24095,2024-08-17,01 07 19 26 27,03 05,"942,654,791.88","292,394,451"
24096,2024-08-19,02 03 23 27 31,01 10,"928,765,334.97","274,611,467"
24097,2024-08-21,07 11 12 14 19,02 08,"925,914,937.69","275,862,263"
24098,2024-08-24,03 10 15 19 29,09 10,"904,522,393.45","298,358,972"
24099,2024-08-26,04 10 24 31 35,05 08,"911,074,907.44","276,604,624"
24100,2024-08-28,02 12 19 22 32,05 11,"894,146,459.08","278,077,493"
24101,2024-08-31,16 19 22 27 35,06 10,"960,205,928.05","296,382,861"
24102,2024-09-02,01 05 09 14 20,05 11,"991,319,514.56","286,610,488"
24103,2024-09-04,19 21 29 32 33,06 08,"1,003,149,772.05","285,358,461"
24104,2024-09-07,01 04 09 13 17,06 09,"1,026,470,045.30","303,918,306"
24105,2024-09-09,14 20 21 28 32,09 11,"1,064,900,748.85","281,222,334"
24106,2024-09-11,05 11 19 22 29,02 12,"1,014,306,626.79","283,352,466"
24107,2024-09-14,06 14 16 18 34,03 10,"1,030,077,351.37","303,292,855"
24108,2024-09-16,16 17 21 31 34,03 08,"1,012,698,647.94","270,720,268"
24109,2024-09-18,12 23 26 27 28,03 11,"1,040,316,851.57","282,500,167"
24110,2024-09-21,01 07 08 18 28,04 12,"1,060,908,945.59","307,601,707"
24111,2024-09-23,03 09 19 27 30,07 11,"966,755,237.55","280,484,335"
24112,2024-09-25,05 15 24 31 34,03 10,"1,014,832,820.56","283,593,275"
24113,2024-09-28,16 18 25 26 33,04 08,"1,008,302,191.46","317,006,955"
24114,2024-09-30,12 27 30 34 35,05 11,"1,038,006,419.91","290,854,587"
24115,2024-10-05,03 04 12 19 24,08 12,"988,785,696.73","243,348,471"
24116,2024-10-07,01 03 06 16 25,01 11,"1,040,962,747.71","263,019,108"
24117,2024-10-09,02 10 22 26 28,02 04,"1,025,830,819.20","279,087,954"
24118,2024-10-12,01 03 09 16 19,05 11,"958,387,739.50","300,619,285"
24119,2024-10-14,06 12 28 30 33,02 07,"940,710,313.19","278,151,059"
24120,2024-10-16,04 12 17 23 27,02 08,"921,780,534.30","280,844,941"
24121,2024-10-19,07 15 18 24 33,04 05,"853,826,236.46","292,563,058"
24122,2024-10-21,05 06 09 15 17,03 10,"873,167,406.47","280,871,730"
24123,2024-10-23,03 09 16 30 31,08 09,"852,251,926.42","283,405,074"
24124,2024-10-26,02 03 07 10 25,01 11,"858,545,810.99","305,128,586"
24125,2024-10-28,10 14 19 24 26,01 10,"892,379,302.56","287,673,530"
24126,2024-10-30,02 10 17 28 34,07 08,"905,005,034.37","294,045,224"
24127,2024-11-02,02 03 10 16 28,07 10,"924,642,774","320,316,369"
24128,2024-11-04,03 07 10 29 31,01 03,"966,301,155.53","295,772,015"
24129,2024-11-06,07 19 30 31 34,05 07,"998,345,494.65","293,942,499"
24130,2024-11-09,11 21 25 31 32,04 10,"986,242,258.80","324,915,160"
24131,2024-11-11,02 03 04 21 26,02 03,"955,783,254.75","314,078,746"
24132,2024-11-13,05 06 10 16 31,06 09,"940,646,991.55","313,339,293"
24133,2024-11-16,08 10 14 22 29,04 06,"939,926,813.87","340,137,954"
24134,2024-11-18,01 04 07 13 33,05 06,"961,163,598.85","315,446,181"
24135,2024-11-20,06 08 22 24 30,03 08,"908,783,183.33","312,278,951"
24136,2024-11-23,01 17 20 29 34,07 08,"975,020,596.72","339,548,742"
24137,2024-11-25,08 15 16 17 21,02 05,"987,311,038.71","314,223,012"
24138,2024-11-27,05 17 20 28 34,04 09,"1,009,101,191.78","314,640,260"
24139,2024-11-30,05 12 20 23 24,05 07,"965,113,949.19","346,398,503"
24140,2024-12-02,03 06 15 23 31,01 12,"992,732,460.61","313,586,274"
24141,2024-12-04,02 06 07 16 20,02 11,"966,806,148.16","302,351,348"
24142,2024-12-07,08 21 24 33 34,03 10,"908,929,975.14","327,282,822"
24143,2024-12-09,16 20 22 24 31,04 05,"887,487,585.30","299,228,472"
24144,2024-12-11,06 07 08 21 30,01 05,"901,592,546.70","298,735,511"
24145,2024-12-14,01 06 09 22 24,01 03,"931,270,188.40","320,626,163"
24146,2024-12-16,05 20 21 22 32,03 04,"912,659,139.49","296,215,559"
24147,2024-12-18,12 18 21 22 31,01 07,"981,658,901.04","297,698,975"
24148,2024-12-21,06 09 20 32 35,08 11,"1,027,404,435.51","319,089,575"
24149,2024-12-23,02 05 16 18 22,07 09,"1,046,459,747.02","293,475,449"
24150,2024-12-25,04 11 23 25 34,05 07,"1,082,499,928.15","294,938,543"
24151,2024-12-28,05 12 17 19 35,10 11,"1,100,535,289.14","315,044,922"
24152,2024-12-30,01 02 07 08 31,02 10,"1,125,809,265.73","303,398,169"
25001,2025-01-01,05 08 16 17 27,04 07,"1,083,648,909.37","300,925,149"
25002,2025-01-04,19 21 22 28 32,06 09,"1,059,802,299.68","328,380,460"
25003,2025-01-06,10 25 30 32 34,04 10,"1,125,887,685.14","302,634,553"
25004,2025-01-08,02 05 09 13 33,01 07,"1,149,680,405.57","294,103,605"
25005,2025-01-11,05 06 08 31 32,09 11,"1,135,025,880.19","313,119,385"
25006,2025-01-13,03 04 13 19 35,03 10,"1,157,222,668.51","315,397,229"
25007,2025-01-15,15 22 23 25 31,01 09,"1,221,403,982.49","311,942,681"
25008,2025-01-18,01 05 07 13 35,05 12,"1,208,994,728.86","336,989,378"
25009,2025-01-20,03 19 21 30 32,06 09,"1,207,630,140.08","308,814,993"
25010,2025-01-22,05 21 28 30 32,07 12,"1,197,169,901.83","314,170,042"
25011,2025-01-25,03 06 07 11 27,02 08,"1,183,329,141.76","373,437,138"
25012,2025-02-08,02 18 19 21 25,02 11,"1,240,397,718.82","358,739,098"
25013,2025-02-10,14 16 18 20 35,02 05,"1,260,404,089.53","289,136,668"
25014,2025-02-12,05 19 22 29 35,02 10,"1,278,086,019.59","289,867,311"
25015,2025-02-15,07 10 24 31 35,01 08,"1,290,950,588.69","314,676,590"
25016,2025-02-17,05 07 12 20 29,08 12,"1,212,239,218.29","288,272,949"
25017,2025-02-19,10 12 26 28 31,03 10,"1,260,507,193.99","288,044,955"
25018,2025-02-22,01 07 09 20 28,01 04,"1,191,928,481.52","314,802,603"
25019,2025-02-24,07 08 11 18 23,03 11,"1,159,248,699.24","296,357,549"
25020,2025-02-26,01 09 12 22 29,05 09,"1,132,471,892.25","300,087,089"
25021,2025-03-01,10 18 25 30 35,03 12,"1,123,599,303.02","335,200,766"
25022,2025-03-03,01 11 13 27 29,04 10,"1,103,298,037.53","298,217,183"
25023,2025-03-05,10 20 22 24 25,09 12,"1,115,584,483.60","302,766,777"
25024,2025-03-08,06 12 13 16 23,05 08,"1,035,953,603.25","331,854,703"
25025,2025-03-10,03 06 08 10 25,03 07,"993,864,523.61","313,678,335"
25026,2025-03-12,02 03 07 17 30,01 09,"1,039,296,516.67","313,696,373"
25027,2025-03-15,03 06 11 13 20,01 11,"1,035,665,607.65","333,487,900"
25028,2025-03-17,06 08 20 25 29,03 07,"1,006,966,152.10","313,737,340"
25029,2025-03-19,05 09 26 31 33,03 10,"1,043,234,947.87","314,474,524"
25030,2025-03-22,03 09 14 24 28,06 07,"995,094,280.09","338,162,194"
25031,2025-03-24,14 18 20 25 35,01 07,"1,024,377,872.55","311,643,171"
25032,2025-03-26,12 22 25 27 28,01 02,"1,094,382,586.20","303,333,312"
25033,2025-03-29,01 02 08 10 33,10 12,"1,132,503,712.27","312,033,249"
25034,2025-03-31,04 15 22 28 33,06 08,"1,046,884,586.45","291,102,580"
25035,2025-04-02,22 25 28 29 30,04 08,"1,034,539,140.28","290,834,566"
25036,2025-04-05,04 07 13 27 30,02 06,"1,044,099,471.36","303,323,074"
25037,2025-04-07,05 20 23 27 31,04 06,"1,078,059,212.16","302,429,281"
25038,2025-04-09,07 08 20 26 34,08 09,"1,098,668,135.56","367,355,129"
25039,2025-04-12,03 07 14 15 19,06 10,"1,128,975,871.01","380,283,087"
25040,2025-04-14,02 08 16 31 32,04 12,"1,147,506,477.45","365,388,846"
25041,2025-04-16,03 04 21 22 27,05 11,"1,110,680,827.71","372,136,085"
25042,2025-04-19,06 08 11 18 20,05 11,"1,157,421,361.54","391,234,678"
25043,2025-04-21,03 16 20 21 27,09 11,"1,212,466,180","362,168,053"
25044,2025-04-23,15 17 21 22 26,02 08,"1,237,807,812.52","368,611,600"
25045,2025-04-26,08 11 21 23 27,03 08,"1,207,089,477.91","394,950,774"
25046,2025-04-28,04 10 15 20 34,04 07,"1,213,336,580.15","367,246,953"
25047,2025-04-30,03 10 11 12 21,02 03,"1,202,271,493.27","367,385,544"
25048,2025-05-03,02 06 17 23 35,06 11,"1,258,998,703.94","364,105,069"
25049,2025-05-05,09 20 22 29 34,03 08,"1,233,463,084.71","350,534,405"
25050,2025-05-07,15 18 20 21 34,04 10,"1,220,697,850","380,353,203"
25051,2025-05-10,02 04 13 29 31,05 12,"1,208,341,380.13","402,596,942"
25052,2025-05-12,02 04 11 29 30,02 08,"1,261,675,356.80","384,489,687"
25053,2025-05-14,14 23 29 30 33,06 12,"1,281,475,209.81","378,116,432"
25054,2025-05-17,03 12 16 21 29,01 02,"1,305,673,257.89","400,498,726"
25055,2025-05-19,08 10 25 29 30,01 02,"1,329,842,896.50","373,248,241"
25056,2025-05-21,12 15 28 29 32,08 11,"1,375,155,244.52","354,948,673"
25057,2025-05-24,09 10 11 12 29,01 10,"1,415,654,588.90","379,533,383"
25058,2025-05-26,06 11 15 21 23,01 07,"1,457,374,217.14","337,041,717"
25059,2025-05-28,03 09 10 11 26,01 02,"1,472,810,541.70","330,253,002"
25060,2025-05-31,12 14 19 33 34,01 07,"1,530,054,632.82","344,759,819"
25061,2025-06-02,02 11 16 23 28,05 10,"1,489,857,621.12","326,041,766"
25062,2025-06-04,14 20 27 28 29,06 10,"1,525,360,041.11","331,453,922"
25063,2025-06-07,05 18 26 29 32,07 10,"1,482,278,557.25","353,640,087"
25064,2025-06-09,05 10 18 20 34,01 08,"1,534,694,449.82","328,463,659"
25065,2025-06-11,07 25 32 33 35,04 09,"1,539,171,327.57","322,427,160"
25066,2025-06-14,15 18 27 28 34,03 06,"1,579,075,869.30","339,059,066"
25067,2025-06-16,06 10 12 21 22,01 06,"1,588,528,359.21","321,766,533"
25068,2025-06-18,01 04 17 20 22,04 10,"1,628,402,089.96","318,966,997"
25069,2025-06-21,04 06 07 33 34,09 10,"1,677,561,945.36","338,663,590"
25070,2025-06-23,08 09 15 20 22,04 12,"1,718,532,211.45","312,961,169"
25071,2025-06-25,01 08 25 31 33,05 11,"1,743,326,978.40","313,848,778"
25072,2025-06-28,04 07 15 24 29,01 04,"1,739,661,640.72","337,329,044"
25073,2025-06-30,01 04 17 33 34,03 09,"1,695,259,566.21","306,793,454"
25074,2025-07-02,02 11 15 18 21,05 10,"1,661,629,014.25","304,472,528"
25075,2025-07-05,08 12 16 19 35,06 09,"1,627,185,578.63","327,099,927"
25076,2025-07-07,11 18 22 25 29,04 12,"1,612,133,474.72","306,337,461"
25077,2025-07-09,12 14 16 19 28,01 04,"1,664,896,849.85","302,633,813"
25078,2025-07-12,07 10 15 21 24,05 06,"1,653,989,426.98","322,049,886"
25079,2025-07-14,02 14 32 34 35,05 11,"1,685,844,586.78","300,459,382"
25080,2025-07-16,09 10 18 22 24,03 12,"1,723,670,049.40","299,028,201"
25081,2025-07-19,01 04 06 15 18,02 03,"1,745,616,944.75","321,712,458"
25082,2025-07-21,02 03 04 12 26,01 08,"1,735,099,174.42","296,090,839"
25083,2025-07-23,12 17 18 20 34,02 05,"1,769,075,337.06","296,169,217"
25084,2025-07-26,09 11 13 18 29,04 11,"1,790,261,423.50","315,027,700"
25085,2025-07-28,02 05 09 14 33,04 09,"1,595,323,742.79","294,227,352"
25086,2025-07-30,02 06 23 24 33,01 10,"1,646,600,667.94","295,578,823"
25087,2025-08-02,05 13 14 16 20,03 08,"1,579,681,545.27","315,319,154"
25088,2025-08-04,08 09 10 11 35,05 11,"1,540,665,716.30","298,062,525"
25089,2025-08-06,02 11 12 32 34,03 10,"1,218,712,702.23","301,829,705"
25090,2025-08-09,06 14 19 22 27,01 04,"1,200,005,188.39","331,564,816"
25091,2025-08-11,01 19 22 25 27,03 10,"1,254,338,103.41","307,088,100"
25092,2025-08-13,04 10 17 25 32,05 07,"1,153,953,579.37","305,765,437"
25093,2025-08-16,01 07 09 16 30,02 05,"1,157,754,344.65","330,705,608"
25094,2025-08-18,04 09 17 30 33,05 09,"1,116,595,093.69","307,470,270"
25095,2025-08-20,07 13 14 19 27,06 10,"1,082,529,387.65","305,061,816"
25096,2025-08-23,02 11 17 22 24,07 09,"1,040,644,815.06","332,437,847"
25097,2025-08-25,05 24 25 32 34,01 09,"1,077,551,661.97","310,927,488"
25098,2025-08-27,01 07 09 10 23,10 12,"1,129,247,143.71","308,524,554"
25099,2025-08-30,06 12 20 26 31,02 04,"1,089,336,924.50","333,985,688"
25100,2025-09-01,26 28 32 34 35,02 07,"1,140,476,606.54","313,027,593"
25101,2025-09-03,05 07 19 26 32,08 09,"1,106,707,324.70","307,833,370"
25102,2025-09-06,09 10 13 26 28,02 04,"1,157,865,480.75","336,362,587"
25103,2025-09-08,05 08 19 32 34,04 05,"1,180,433,357.59","310,233,728"
25104,2025-09-10,02 06 09 22 34,02 08,"1,199,979,893.19","315,640,944"
25105,2025-09-13,15 16 25 28 34,10 12,"1,251,025,275.38","341,440,186"
25106,2025-09-15,05 06 11 26 29,05 10,"1,199,200,033.49","314,630,148"
25107,2025-09-17,05 07 08 15 33,06 10,"1,185,080,983.75","314,311,008"
25108,2025-09-20,14 18 21 24 29,03 06,"1,188,449,971.10","341,209,503"
25109,2025-09-22,04 08 10 13 26,09 10,"1,212,757,053.28","313,350,591"
25110,2025-09-24,01 15 22 30 31,02 08,"1,216,735,503.10","299,730,589"
25111,2025-09-27,02 09 14 21 26,02 12,"1,227,497,634.04","331,165,537"
25112,2025-09-29,03 04 21 23 24,09 12,"1,222,244,291.60","319,054,991"
25113,2025-10-06,01 14 18 28 35,02 03,"1,174,480,897.69","302,539,540"
25114,2025-10-08,03 08 09 12 16,01 05,"1,144,042,317.89","286,469,363"
25115,2025-10-11,03 12 14 21 35,01 05,"1,188,143,074.80","330,363,634"
25116,2025-10-13,02 06 16 22 29,08 12,"1,245,943,636.26","298,992,508"
25117,2025-10-15,05 10 18 21 29,05 07,"1,200,034,223.36","302,232,387"
25118,2025-10-18,02 08 09 12 21,04 05,"1,209,569,201.29","319,584,678"
25119,2025-10-20,08 15 27 29 31,01 07,"1,247,363,714.98","319,880,731"
25120,2025-10-22,11 13 22 26 35,02 08,"1,229,721,100.45","325,832,725"
25121,2025-10-25,02 03 08 13 21,07 12,"1,201,113,534.52","356,833,346"
25122,2025-10-27,02 03 06 16 17,04 05,"1,153,025,367.65","332,420,638"
25123,2025-10-29,08 13 24 25 31,04 10,"1,136,294,713.48","333,755,324"
25124,2025-11-01,06 09 14 26 27,08 09,"1,062,300,760.96","367,907,521"
25125,2025-11-03,10 11 13 19 35,04 11,"1,071,539,155.61","333,554,750"
25126,2025-11-05,01 08 18 27 30,06 07,"1,033,170,236.36","333,017,418"
25127,2025-11-08,04 05 19 28 29,05 08,"827,515,757.27","353,038,355"
25128,2025-11-10,03 06 26 30 33,11 12,"806,116,343.87","335,180,121"
25129,2025-11-12,03 09 14 28 35,02 04,"826,944,600.37","327,577,708"
25130,2025-11-15,01 13 16 27 29,02 11,"855,509,809.27","347,978,820"
25131,2025-11-17,03 08 25 29 32,09 12,"878,666,212.85","312,224,838"
25132,2025-11-19,01 09 10 12 19,06 07,"850,074,477.20","313,565,367"
25133,2025-11-22,04 11 23 27 35,07 11,"818,773,870.74","337,536,466"
25134,2025-11-24,07 12 18 27 33,09 10,"793,585,609.45","311,134,788"
25135,2025-11-26,02 10 16 28 32,01 07,"813,180,323.37","310,594,999"
25136,2025-11-29,07 11 15 16 23,09 11,"783,829,598.27","332,166,578"
25137,2025-12-01,07 08 09 11 22,05 11,"784,972,571.82","306,419,813"
25138,2025-12-03,01 03 19 21 23,07 11,"795,955,875.03","299,205,645"
25139,2025-12-06,08 18 22 30 35,01 04,"830,587,732.32","319,213,811"
25140,2025-12-08,04 05 13 18 34,02 08,"850,018,674.78","294,883,884"
25141,2025-12-10,04 09 24 28 29,02 10,"830,232,368.80","293,217,299"
25142,2025-12-13,09 10 14 27 29,02 09,"850,180,600","305,166,365"
25143,2025-12-15,03 04 18 24 29,07 12,"891,182,916.14","292,194,189"
25144,2025-12-17,02 05 13 15 28,05 08,"818,422,787.52","294,039,927"
25145,2025-12-20,05 07 20 22 25,04 05,"739,212,071.38","318,998,515"
25146,2025-12-22,06 11 13 16 22,02 03,"762,703,697.21","295,258,973"
25147,2025-12-24,06 16 21 25 33,07 08,"816,064,823.02","290,531,842"
25148,2025-12-27,03 04 14 30 32,08 12,"869,158,981.31","314,824,866"
25149,2025-12-29,24 26 30 31 32,05 12,"921,221,227.65","293,718,026"
25150,2025-12-31,13 14 15 28 31,01 05,"942,601,223.41","315,770,974"
26001,2026-01-03,07 09 23 27 32,02 08,"875,846,392.75","309,467,020"
26002,2026-01-05,04 08 15 20 31,07 08,"858,169,056.71","300,101,679"
26003,2026-01-07,02 09 11 15 16,02 04,"829,620,750.17","299,733,101"
26004,2026-01-10,05 18 23 25 32,05 09,"779,153,160.95","329,175,580"
26005,2026-01-12,02 04 16 23 35,06 11,"788,287,446.41","311,138,123"
26006,2026-01-14,05 12 18 23 35,06 12,"787,011,243.54","315,815,131"
